region,date,cumulative (confirmed + probable + suspects),fatality rate for confirmed and probables,new admits to cte so far,new cases of confirmed,new cases of confirmed among health workers,new cases of probables,new cases of suspects,new contacts registered so far,new deaths registered,new deaths registered among health workers,new deaths registered today,new deaths registered today (confirmed),new deaths registered today (probables),new deaths registered today (suspects),number of confirmed cases among health workers,number of contacts followed today,number of contacts followed yesterday,number of contacts lost to follow up,number of contacts out of the track 21 days,number of contacts out of track,number of contacts to follow today,number of death of confirmed cases among health workers,number of deaths of confirmed cases among health workers,number of deaths of probables cases among health workers,number of female confirmed cases,number of female probables cases,number of female suspects cases,number of male confirmed cases,number of male probables cases,number of male suspects cases,number of patients tested,number of probables cases among health workers,number of samples collected,number of samples collected today,number of samples under test,number of suspects cases among health workers,total pec center today,total pec center today (confirmed),total pec center today (probables),total pec center today (suspects),total case of confirmed among health workers,total cases of confirmed,total cases of probables,total cases of suspects,total contacts registered from start date,total deaths (confirmed + probables + suspects),total deaths of confirmed,total deaths of probables,total deaths of suspects,total deaths registered among health workers,total new cases registered so far,total number of admissions to cte,total number of exits from cte,total number of female cases,total number of hospitalized cases in cte,total number of male cases,total of cured in confirmed cases in cte,total of deaths in confirmed cases in cte,total samples tested,total suspected non-class cases
beyla,2014-09-07,,,,,,,,,,,,,,,,,,,,,,,,,,,,,,,,,,,,,,,,,,,,,,,,,,,,,,,,,,,,
boffa,2014-09-07,24,67%,,,,,,,,0,,,,,,0,,0,397,,0,,,,,,,,,,,,,,,,,,,,0,19,5,0,397,16,11,5,0,0,0,0,0,,0,,,,,19
conakry,2014-09-07,131,44%,1,,2,,,,,0,,,,,,531,,0,1809,,585,,,,,,,,,,,,,5,0,,,,,,28,113,8,10,2297,57,47,8,2,13,0,396,4,,22,,,,899,246
coyah,2014-09-07,6,33%,,,,,,,,0,,,,,,74,,0,0,,74,,,,,,,,,,,,,,,,,,,,0,5,0,1,74,2,2,0,0,0,0,0,0,,0,,,,,1
dabola,2014-09-07,4,100%,,,,,,,,0,,,,,,0,,0,69,,0,,,,,,,,,,,,,,,,,,,,0,1,3,0,69,4,1,3,0,0,0,0,0,,0,,,,,3
dalaba,2014-09-07,,,,,,,,,,,,,,,,,,,,,,,,,,,,,,,,,,,,,,,,,,,,,,,,,,,,,,,,,,,,
dinguiraye,2014-09-07,1,100%,,,,,,,,0,,,,,,0,,0,0,,0,,,,,,,,,,,,,,,,,,,,0,0,1,0,0,1,0,1,0,0,0,0,0,,0,,,,,0
dubreka,2014-09-07,21,19%,,,,,,,,0,,,,,,180,,0,0,,180,,,,,,,,,,,,,,,,,,,,4,21,0,0,180,4,4,0,0,0,0,0,0,,0,,,,,15
forecariah,2014-09-07,6,67%,,,,,,,,0,,,,,,72,,0,35,,123,,,,,,,,,,,,,,,,,,,,0,6,0,0,123,4,4,0,0,0,0,0,0,,0,,,,,7
gueckedou,2014-09-07,343,84%,17,,,,1,,1.0,0,,,,,,315,,0,3325,,318,,,,,,,,,,,,,28,0,,,,,,8,230,110,3,3643,289,179,110,0,6,1,774,4,,80,,,,1337,250
kerouane,2014-09-07,11,9%,,,,,,,,0,,,,,,0,,0,0,,0,,,,,,,,,,,,,,,,,,,,0,11,0,0,0,1,1,0,0,0,0,0,0,,0,,,,,3
kindia,2014-09-07,,,,,,,,,,,,,,,,,,,,,,,,,,,,,,,,,,,,,,,,,,,,,,,,,,,,,,,,,,,,
kissidougou,2014-09-07,7,86%,,,,,,,,0,,,,,,0,,0,159,,0,,,,,,,,,,,,,,,,,,,,0,2,5,0,159,6,1,5,0,0,0,0,0,,0,,,,,7
kouroussa,2014-09-07,4,100%,,,,,,,,0,,,,,,48,,0,46,,48,,,,,,,,,,,,,,,,,,,,0,2,2,0,94,4,2,2,0,0,0,0,0,,0,,,,,1
lola,2014-09-07,,,,,,,,,,,,,,,,,,,,,,,,,,,,,,,,,,,,,,,,,,,,,,,,,,,,,,,,,,,,
macenta,2014-09-07,237,60%,32,8,,,4,,3.0,0,,,,,,602,,0,357,,783,,,,,,,,,,,,,0,0,,,,,,8,209,12,16,1078,142,128,12,2,6,12,32,0,,0,,,,0,118
nzerekore,2014-09-07,14,43%,,,,,,5,,0,,,,,,58,,0,146,,58,,,,,,,,,,,,,,,,,,,,1,13,1,0,204,6,5,1,0,1,2,0,0,,0,,,,,7
pita,2014-09-07,8,38%,,,,,,,,0,,,,,,32,,0,108,,32,,,,,,,,,,,,,,,,,,,,0,6,1,1,140,3,2,1,0,0,0,0,0,,0,,,,,12
siguiri,2014-09-07,6,50%,,,,,,,,0,,,,,,0,,0,141,,0,,,,,,,,,,,,,,,,,,,,2,6,0,0,141,3,3,0,0,0,0,13,0,,0,,,,,8
telimele,2014-09-07,26,38%,,,,,,,,0,,,,,,0,,0,259,,0,,,,,,,,,,,,,,,,,,,,2,23,3,0,259,10,7,3,0,1,0,41,0,,0,,,,,18
totals,2014-09-07,861,65%,50,11,2,0,5,5,4.0,0,,,,,,1868,,0,6851,,2162,,,,,,,,,,,,,33,0,,,,,,54,678,151,32,8840,557,402,151,4,28,16,1256,8,,102,,,,2236,714
yomou,2014-09-07,12,42%,,,,,,,,0,,,,,,30,,0,0,,35,,,,,,,,,,,,,,,,,,,,1,11,0,1,56,5,5,0,0,1,1,0,0,,0,,,,,3
beyla,2014-09-24,,,,,,,,,,,,,,,,,,,,,,,,,,,,,,,,,,,,,,,,,,,,,,,,,,,,,,,,,,,,
boffa,2014-09-24,24,67%,,,,,,,,0,,,,,,0,,0,397,,0,,,,,,,,,,,,,,,,,,,,0,19,5,0,397,16,11,5,0,0,0,0,0,,0,,,,,20
conakry,2014-09-24,170,42%,11,10,,,2,121,,0,,,,,,695,,0,2405,,720,,,,,,,,,,,,,24,0,,,,,,38,149,8,13,3234,72,62,8,2,18,12,510,10,,32,,,,1103,299
coyah,2014-09-24,9,56%,,,,,,,,0,,,,,,98,,1,17,,98,,,,,,,,,,,,,,,,,,,,1,9,0,0,116,5,5,0,0,0,0,0,0,,0,,,,,4
dabola,2014-09-24,4,100%,,,,,,,,0,,,,,,0,,0,69,,0,,,,,,,,,,,,,,,,,,,,0,1,3,0,69,4,1,3,0,0,0,0,0,,0,,,,,3
dalaba,2014-09-24,3,0%,,1,,,,,,0,,,,,,20,,0,0,,34,,,,,,,,,,,,,,,,,,,,0,3,0,0,34,0,0,0,0,0,0,0,0,,0,,,,,1
dinguiraye,2014-09-24,1,100%,,,,,,,,0,,,,,,0,,0,0,,0,,,,,,,,,,,,,,,,,,,,0,0,1,0,0,1,0,1,0,0,0,0,0,,0,,,,,0
dubreka,2014-09-24,21,33%,,,,,,,,0,,,,,,49,,0,292,,49,,,,,,,,,,,,,,,,,,,,3,21,0,0,341,7,7,0,0,1,0,0,0,,0,,,,,19
forecariah,2014-09-24,13,54%,,,,,,,,0,,,,,,74,,0,61,,84,,,,,,,,,,,,,,,,,,,,0,11,0,2,145,7,7,0,0,0,0,0,0,,0,,,,,12
gueckedou,2014-09-24,362,82%,19,2,,,4,4,,0,,,,,,204,,0,3595,,206,,,,,,,,,,,,,21,0,,,,,,9,243,111,8,3801,296,184,111,1,6,6,914,9,,61,,,,1607,259
kerouane,2014-09-24,22,23%,,,,,,,,0,,,,,,144,,0,71,,144,,,,,,,,,,,,,,,,,,,,0,22,0,0,215,5,5,0,0,0,0,0,0,,0,,,,,9
kindia,2014-09-24,1.0,0.0,,,,,,,,0.0,,,,,,0.0,,0.0,0.0,,0.0,,,,,,,,,,,,,,,,,,,,0.0,1.0,0.0,0.0,0.0,0.0,0.0,0.0,0.0,0.0,0.0,0.0,0.0,,0.0,,,,,0.0
kissidougou,2014-09-24,8,88%,,,,,,,,0,,,,,,0,,0,159,,0,,,,,,,,,,,,,,,,,,,,0,3,5,0,159,7,2,5,0,0,0,0,0,,0,,,,,7
kouroussa,2014-09-24,4,100%,,,,,,,,0,,,,,,0,,0,94,,0,,,,,,,,,,,,,,,,,,,,0,2,2,0,94,4,2,2,0,0,0,0,0,,0,,,,,2
lola,2014-09-24,,,,,,,,,,,,,,,,,,,,,,,,,,,,,,,,,,,,,,,,,,,,,,,,,,,,,,,,,,,,
macenta,2014-09-24,348,52%,,6,,,2,122,2.0,0,,,,,,555,,0,539,,831,,,,,,,,,,,,,0,0,,,,,,9,325,12,11,1370,182,168,12,2,7,8,0,0,,0,,,,0,144
mzerekore,2014-09-24,33,64%,,1,,,,50,1.0,0,,,,,,128,,1,185,,129,,,,,,,,,,,,,,,,,,,,2,21,11,1,314,21,10,11,0,1,1,0,0,,0,,,,,10
pita,2014-09-24,8,38%,,,,,,,,0,,,,,,0,,0,140,,0,,,,,,,,,,,,,,,,,,,,0,6,1,1,140,3,2,1,0,0,0,0,0,,0,,,,,18
siguiri,2014-09-24,6,50%,,,,,,,,0,,,,,,0,,0,141,,0,,,,,,,,,,,,,,,,,,,,2,6,0,0,141,3,3,0,0,0,0,13,0,,0,,,,,9
telimele,2014-09-24,26,38%,,,,,,,,0,,,,,,0,,0,259,,0,,,,,,,,,,,,,,,,,,,,2,23,3,0,259,10,7,3,0,1,0,41,0,,0,,,,,18
totals,2014-09-24,1074,60%,30,20,0,0,8,297,3.0,0,,,,,,1967,,2,8480,,2295,,,,,,,,,,,,,45,0,,,,,,67,876,162,36,10885,648,481,162,5,35,28,1478,19,,93,,,,2710,838
yomou,2014-09-24,11,45%,,,,,,,,0,,,,,,0,,0,56,,0,,,,,,,,,,,,,,,,,,,,1,11,0,0,56,5,5,0,0,1,0,0,0,,0,,,,,4
beyla,2014-08-31,,,,,,,,,,,,,,,,,,,,,,,,,,,,,,,,,,,,,,,,,,,,,,,,,,,,,,,,,,,,
boffa,2014-08-31,25,64%,0,,0,,,0,,0,,,,,,0,,0,397,,0,,,,,,,,,,,,,,,,,,,,0,19,5,1,397,16,11,5,0,0,0,0,0,,0,,,,,19
conakry,2014-08-31,128,43%,9,1,0,,1,0,,0,,,,,,253,,0,1727,,253,,,,,,,,,,,,,17,0,,,,,,24,110,8,10,1986,55,45,8,2,11,2,356,1,,35,,,,817,228
coyah,2014-08-31,,,,,,,,,,,,,,,,,,,,,,,,,,,,,,,,,,,,,,,,,,,,,,,,,,,,,,,,,,,,
dabola,2014-08-31,4,100%,0,,0,,,0,,0,,,,,,0,,0,69,,0,,,,,,,,,,,,,,,,,,,,0,1,3,0,69,4,1,3,0,0,0,0,0,,0,,,,,1
dalaba,2014-08-31,,,,,,,,,,,,,,,,,,,,,,,,,,,,,,,,,,,,,,,,,,,,,,,,,,,,,,,,,,,,
dinguiraye,2014-08-31,1,100%,0,,0,,,0,,0,,,,,,0,,0,0,,0,,,,,,,,,,,,,,,,,,,,0,0,1,0,0,1,0,1,0,0,0,0,0,,0,,,,,0
dubreka,2014-08-31,21,14%,0,4,0,,,0,,0,,,,,,154,,3,0,,157,,,,,,,,,,,,,,,,,,,,4,18,0,3,157,3,3,0,0,0,4,0,0,,0,,,,,4
forecariah,2014-08-31,7,43%,0,,0,,,0,,0,,,,,,0,,0,0,,0,,,,,,,,,,,,,,,,,,,,0,5,0,2,0,3,3,0,0,0,0,0,0,,0,,,,,7
gueckedou,2014-08-31,329,85%,17,3,0,8,2,0,,0,,,,,,221,,0,3116,,223,,,,,,,,,,,,,66,0,,,,,,8,214,110,5,3418,279,169,110,0,6,13,703,9,,64,,,,1124,244
kerouane,2014-08-31,,,,,,,,,,,,,,,,,,,,,,,,,,,,,,,,,,,,,,,,,,,,,,,,,,,,,,,,,,,,
kindia,2014-08-31,,,,,,,,,,,,,,,,,,,,,,,,,,,,,,,,,,,,,,,,,,,,,,,,,,,,,,,,,,,,
kissidougou,2014-08-31,7,86%,0,,0,,,0,,0,,,,,,0,,0,159,,0,,,,,,,,,,,,,,,,,,,,0,2,5,0,159,6,1,5,0,0,0,0,0,,0,,,,,7
kouroussa,2014-08-31,4,100%,0,,0,,,0,,0,,,,,,48,,0,46,,48,,,,,,,,,,,,,,,,,,,,0,2,2,0,94,4,2,2,0,0,0,0,0,,0,,,,,1
lola,2014-08-31,,,,,,,,,,,,,,,,,,,,,,,,,,,,,,,,,,,,,,,,,,,,,,,,,,,,,,,,,,,,
macenta,2014-08-31,161,57%,0,20,0,,6,0,3.0,0,,,,,,293,,64,434,,357,,,,,,,,,,,,,0,0,,,,,,8,137,11,13,680,92,81,11,0,6,26,0,0,,0,,,,0,85
nzerekore,2014-08-31,11,55%,0,,0,,,0,,0,,,,,,77,,2,116,,79,,,,,,,,,,,,,,,,,,,,1,10,1,0,195,6,5,1,0,1,0,0,0,,0,,,,,7
pita,2014-08-31,8,50%,0,1,0,,,0,,0,,,,,,92,,5,40,,97,,,,,,,,,,,,,,,,,,,,0,6,1,1,137,4,3,1,0,0,1,0,0,,0,,,,,10
siguiri,2014-08-31,6,50%,0,,0,,,0,,0,,,,,,0,,0,141,,0,,,,,,,,,,,,,,,,,,,,2,6,0,0,141,3,3,0,0,0,0,13,0,,0,,,,,8
telimele,2014-08-31,26,38%,0,,0,,,0,,0,,,,,,0,,0,259,,0,,,,,,,,,,,,,,,,,,,,2,23,3,0,259,10,7,3,0,1,0,41,0,,0,,,,,18
totals,2014-08-31,749,65%,26,29,0,8,9,0,3.0,0,,,,,,1173,,76,6504,,1251,,,,,,,,,,,,,83,0,,,,,,50,563,150,36,7734,489,337,150,2,26,46,1113,10,,99,,,,1941,642
yomou,2014-08-31,11,27%,0,,0,,,0,,0,,,,,,35,,2,0,,37,,,,,,,,,,,,,,,,,,,,1,10,0,1,42,3,3,0,0,1,0,0,0,,0,,,,,3
beyla,2014-09-17,,,,,,,,,,,,,,,,,,,,,,,,,,,,,,,,,,,,,,,,,,,,,,,,,,,,,,,,,,,,
boffa,2014-09-17,24,67%,,,,,,,,0,,,,,,0,,0,397,,0,,,,,,,,,,,,,,,,,,,,0,19,5,0,397,16,11,5,0,0,0,0,0,,0,,,,,20
conakry,2014-09-17,151,40%,3,2,,,3,48,,0,,,,,,635,,0,2007,,638,,,,,,,,,,,,,13,0,,,,,,33,129,8,14,2645,61,51,8,2,14,5,452,9,,17,,,,1017,278
coyah,2014-09-17,7,57%,,,,,,,,0,,,,,,80,,0,28,,88,,,,,,,,,,,,,,,,,,,,1,7,0,0,116,4,4,0,0,0,0,0,0,,0,,,,,3
dabola,2014-09-17,4,100%,,,,,,,,0,,,,,,0,,0,69,,0,,,,,,,,,,,,,,,,,,,,0,1,3,0,69,4,1,3,0,0,0,0,0,,0,,,,,3
dalaba,2014-09-17,2,0%,,1,,,,,,0,,,,,,20,,0,0,,34,,,,,,,,,,,,,,,,,,,,0,2,0,0,34,0,0,0,0,0,1,0,0,,0,,,,,0
dinguiraye,2014-09-17,1,100%,,,,,,,,0,,,,,,0,,0,0,,0,,,,,,,,,,,,,,,,,,,,0,0,1,0,0,1,0,1,0,0,0,0,0,,0,,,,,0
dubreka,2014-09-17,22,18%,,,,,1,,,0,,,,,,69,,0,272,,69,,,,,,,,,,,,,,,,,,,,3,21,0,1,341,4,4,0,0,0,1,0,0,,0,,,,,19
forecariah,2014-09-17,10,50%,,,,,,5,,0,,,,,,74,,0,61,,84,,,,,,,,,,,,,,,,,,,,0,9,0,1,145,5,5,0,0,0,0,0,0,,0,,,,,9
gueckedou,2014-09-17,350,84%,0,,,,,,,0,,,,,,244,,6,3489,,254,,,,,,,,,,,,,12,0,,,,,,9,235,110,5,3749,293,182,110,1,6,0,842,15,,49,,,,1472,255
kerouane,2014-09-17,22,14%,,,,,,,,0,,,,,,137,,0,71,,137,,,,,,,,,,,,,,,,,,,,0,22,0,0,208,3,3,0,0,0,0,0,0,,0,,,,,5
kindia,2014-09-17,,,,,,,,,,,,,,,,,,,,,,,,,,,,,,,,,,,,,,,,,,,,,,,,,,,,,,,,,,,,
kissidougou,2014-09-17,8,88%,,,,,,,,0,,,,,,0,,0,159,,0,,,,,,,,,,,,,,,,,,,,0,3,5,0,159,7,2,5,0,0,0,0,0,,0,,,,,7
kouroussa,2014-09-17,4,100%,,,,,,,,0,,,,,,0,,0,94,,0,,,,,,,,,,,,,,,,,,,,0,2,2,0,94,4,2,2,0,0,0,0,0,,0,,,,,1
lola,2014-09-17,,,,,,,,,,,,,,,,,,,,,,,,,,,,,,,,,,,,,,,,,,,,,,,,,,,,,,,,,,,,
macenta,2014-09-17,279,59%,,3,,,,,3.0,0,,,,,,960,,0,295,,970,,,,,,,,,,,,,0,0,,,,,,9,258,12,9,1265,165,151,12,2,7,3,0,0,,0,,,,0,130
mzerekore,2014-09-17,28,71%,,,,,,,,0,,,,,,98,,1,164,,99,,,,,,,,,,,,,,,,,,,,1,17,11,0,264,20,9,11,0,1,0,0,0,,0,,,,,9
pita,2014-09-17,9,33%,,,,,,,,0,,,,,,25,,0,115,,25,,,,,,,,,,,,,,,,,,,,0,6,1,2,140,3,2,1,0,0,0,0,0,,0,,,,,17
siguiri,2014-09-17,6,50%,,,,,,,,0,,,,,,0,,0,141,,0,,,,,,,,,,,,,,,,,,,,2,6,0,0,141,3,3,0,0,0,0,13,0,,0,,,,,9
telimele,2014-09-17,26,38%,,,,,,,,0,,,,,,0,,0,259,,0,,,,,,,,,,,,,,,,,,,,2,23,3,0,259,10,7,3,0,1,0,41,0,,0,,,,,18
totals,2014-09-17,964,63%,3,6,0,0,4,53,3.0,0,,,,,,2372,,7,7642,,2433,,,,,,,,,,,,,25,0,,,,,,61,771,161,32,10082,608,442,161,5,30,10,1348,24,,66,,,,2489,787
yomou,2014-09-17,11,45%,,,,,,,,0,,,,,,30,,0,21,,35,,,,,,,,,,,,,,,,,,,,1,11,0,0,56,5,5,0,0,1,0,0,0,,0,,,,,4
beyla,2014-09-14,,,,,,,,,,,,,,,,,,,,,,,,,,,,,,,,,,,,,,,,,,,,,,,,,,,,,,,,,,,,
boffa,2014-09-14,24,67%,,,,,,,,0,,,,,,0,,0,397,,0,,,,,,,,,,,,,,,,,,,,0,19,5,0,397,16,11,5,0,0,0,0,0,,0,,,,,20
conakry,2014-09-14,138,43%,1,,,,,,,0,,,,,,597,,6,1870,,613,,,,,,,,,,,,,11,0,,,,,,33,120,8,10,2489,59,49,8,2,14,0,429,5,,15,,,,973,278
coyah,2014-09-14,8,50%,,,,,,1,,0,,,,,,98,,1,17,,98,,,,,,,,,,,,,,,,,,,,1,7,0,1,116,4,4,0,0,0,0,0,0,,0,,,,,3
dabola,2014-09-14,4,100%,,,,,,,,0,,,,,,0,,0,69,,0,,,,,,,,,,,,,,,,,,,,0,1,3,0,69,4,1,3,0,0,0,0,0,,0,,,,,3
dalaba,2014-09-14,2,0%,,,,,,,,0,,,,,,0,,0,0,,0,,,,,,,,,,,,,,,,,,,,0,1,0,1,0,0,0,0,0,0,0,0,0,,0,,,,,0
dinguiraye,2014-09-14,1,100%,,,,,,,,0,,,,,,0,,0,0,,0,,,,,,,,,,,,,,,,,,,,0,0,1,0,0,1,0,1,0,0,0,0,0,,0,,,,,0
dubreka,2014-09-14,21,19%,,,,,,,,0,,,,,,172,,0,8,,172,,,,,,,,,,,,,,,,,,,,3,21,0,0,180,4,4,0,0,0,0,0,0,,0,,,,,19
forecariah,2014-09-14,9,56%,,,,,,1,,0,,,,,,103,,1,18,,104,,,,,,,,,,,,,,,,,,,,0,8,0,1,123,5,5,0,0,0,0,0,0,,0,,,,,9
gueckedou,2014-09-14,350,83%,5,1,,,,5,,0,,,,,,308,,2,3420,,316,,,,,,,,,,,,,37,0,,,,,,9,235,110,5,3738,292,182,110,0,6,1,811,5,,69,,,,1400,255
kerouane,2014-09-14,19,11%,,,,,,,,0,,,,,,137,,0,71,,137,,,,,,,,,,,,,,,,,,,,0,19,0,0,208,2,2,0,0,0,0,0,0,,0,,,,,5
kindia,2014-09-14,,,,,,,,,,,,,,,,,,,,,,,,,,,,,,,,,,,,,,,,,,,,,,,,,,,,,,,,,,,,
kissidougou,2014-09-14,8,75%,,,,,,,,0,,,,,,0,,0,159,,0,,,,,,,,,,,,,,,,,,,,0,2,5,1,159,6,1,5,0,0,0,0,0,,0,,,,,7
kouroussa,2014-09-14,4,100%,,,,,,,,0,,,,,,48,,0,46,,48,,,,,,,,,,,,,,,,,,,,0,2,2,0,94,4,2,2,0,0,0,0,0,,0,,,,,1
lola,2014-09-14,,,,,,,,,,,,,,,,,,,,,,,,,,,,,,,,,,,,,,,,,,,,,,,,,,,,,,,,,,,,
macenta,2014-09-14,267,58%,,10,,,,,1.0,0,,,,,,555,,0,295,,831,,,,,,,,,,,,,0,0,,,,,,9,245,12,10,1126,156,142,12,2,7,10,0,0,,0,,,,0,130
mzerekore,2014-09-14,29,72%,,3,,11,,20,,0,,,,,,72,,0,165,,93,,,,,,,,,,,,,,,,,,,,1,17,12,0,258,21,9,12,0,1,14,0,0,,0,,,,,9
pita,2014-09-14,9,33%,,,,,,,,0,,,,,,25,,0,115,,25,,,,,,,,,,,,,,,,,,,,0,6,1,2,140,3,2,1,0,0,0,0,0,,0,,,,,17
siguiri,2014-09-14,6,50%,,,,,,,,0,,,,,,0,,0,141,,0,,,,,,,,,,,,,,,,,,,,2,6,0,0,141,3,3,0,0,0,0,13,0,,0,,,,,9
telimele,2014-09-14,26,38%,,,,,,,,0,,,,,,0,,0,259,,0,,,,,,,,,,,,,,,,,,,,2,23,3,0,259,10,7,3,0,1,0,41,0,,0,,,,,18
totals,2014-09-14,936,64%,6,14,0,11,0,27,1.0,0,,,,,,2145,,15,7066,,2472,,,,,,,,,,,,,48,0,,,,,,61,743,162,31,9553,595,429,162,4,30,25,1294,10,,84,,,,2373,787
yomou,2014-09-14,11,45%,,,,,,,,0,,,,,,30,,5,16,,35,,,,,,,,,,,,,,,,,,,,1,11,0,0,56,5,5,0,0,1,0,0,0,,0,,,,,4
beyla,2014-09-21,,,,,,,,,,,,,,,,,,,,,,,,,,,,,,,,,,,,,,,,,,,,,,,,,,,,,,,,,,,,
boffa,2014-09-21,24,67%,,,,,,,,0,,,,,,0,,0,397,,0,,,,,,,,,,,,,,,,,,,,0,19,5,0,397,16,11,5,0,0,0,0,0,,0,,,,,20
conakry,2014-09-21,151,45%,4,,,,,,,0,,,,,,677,,0,2172,,796,,,,,,,,,,,,,8,0,,,,,,38,133,8,10,2968,68,58,8,2,18,0,482,5,,21,,,,1053,299
coyah,2014-09-21,7,71%,,,,,,,,0,,,,,,98,,1,17,,98,,,,,,,,,,,,,,,,,,,,1,7,0,0,116,5,5,0,0,0,0,0,0,,0,,,,,4
dabola,2014-09-21,4,100%,,,,,,,,0,,,,,,0,,0,69,,0,,,,,,,,,,,,,,,,,,,,0,1,3,0,69,4,1,3,0,0,0,0,0,,0,,,,,3
dalaba,2014-09-21,2,0%,,,,,,,,0,,,,,,20,,0,0,,34,,,,,,,,,,,,,,,,,,,,0,2,0,0,34,0,0,0,0,0,0,0,0,,0,,,,,1
dinguiraye,2014-09-21,1,100%,,,,,,,,0,,,,,,0,,0,0,,0,,,,,,,,,,,,,,,,,,,,0,0,1,0,0,1,0,1,0,0,0,0,0,,0,,,,,0
dubreka,2014-09-21,21,33%,,,,,,,,0,,,,,,49,,0,292,,49,,,,,,,,,,,,,,,,,,,,3,21,0,0,341,7,7,0,0,1,0,0,0,,0,,,,,19
forecariah,2014-09-21,10,70%,,,,,,,,0,,,,,,74,,0,61,,84,,,,,,,,,,,,,,,,,,,,0,9,0,1,145,7,7,0,0,0,0,0,0,,0,,,,,12
gueckedou,2014-09-21,354,83%,8,,,,1,14,,0,,,,,,194,,0,3564,,200,,,,,,,,,,,,,20,0,,,,,,9,237,111,6,3764,295,183,111,1,6,1,869,4,,48,,,,1543,259
kerouane,2014-09-21,22,23%,,,,,,,,0,,,,,,144,,0,71,,144,,,,,,,,,,,,,,,,,,,,0,22,0,0,215,5,5,0,0,0,0,0,0,,0,,,,,9
kindia,2014-09-21,1.0,0.0,,1.0,,,,,,0.0,,,,,,0.0,,0.0,0.0,,0.0,,,,,,,,,,,,,,,,,,,,0.0,1.0,0.0,0.0,0.0,0.0,,0.0,0.0,0.0,0.0,0.0,0.0,,0.0,,,,,
kissidougou,2014-09-21,8,88%,,,,,,,,0,,,,,,0,,0,159,,0,,,,,,,,,,,,,,,,,,,,0,3,5,0,159,7,2,5,0,0,0,0,0,,0,,,,,7
kouroussa,2014-09-21,4,100%,,,,,,,,0,,,,,,0,,0,94,,0,,,,,,,,,,,,,,,,,,,,0,2,2,0,94,4,2,2,0,0,0,0,0,,0,,,,,2
lola,2014-09-21,,,,,,,,,,,,,,,,,,,,,,,,,,,,,,,,,,,,,,,,,,,,,,,,,,,,,,,,,,,,
macenta,2014-09-21,318,54%,,14,,,,,,0,,,,,,855,,0,539,,831,,,,,,,,,,,,,0,0,,,,,,9,296,12,10,1370,172,158,12,2,7,14,0,0,,0,,,,0,144
mzerekore,2014-09-21,30,67%,,2,1,2,,,,0,,,,,,83,,1,84,,84,,,,,,,,,,,,,,,,,,,,2,19,11,0,264,20,9,11,0,1,2,0,0,,0,,,,,10
pita,2014-09-21,8,38%,,,,,,,,0,,,,,,25,,0,115,,25,,,,,,,,,,,,,,,,,,,,0,6,1,1,140,3,2,1,0,0,0,0,0,,0,,,,,18
siguiri,2014-09-21,6,50%,,,,,,,,0,,,,,,0,,0,141,,0,,,,,,,,,,,,,,,,,,,,2,6,0,0,141,3,3,0,0,0,0,13,0,,0,,,,,9
telimele,2014-09-21,26,38%,,,,,,,,0,,,,,,0,,0,259,,0,,,,,,,,,,,,,,,,,,,,2,23,3,0,259,10,7,3,0,1,0,41,0,,0,,,,,18
totals,2014-09-21,1008,63%,12,17,1,0,1,14,0.0,0,,,,,,2249,,4,8055,,2380,,,,,,,,,,,,,28,0,,,,,,67,818,162,28,10532,632,465,162,5,35,18,1405,9,,69,,,,2596,838
yomou,2014-09-21,11,45%,,,,,,,,0,,,,,,30,,2,21,,35,,,,,,,,,,,,,,,,,,,,1,11,0,0,56,5,5,0,0,1,0,0,0,,0,,,,,4
beyla,2014-08-27,,,,,,,,,,,,,,,,,,,,,,,,,,,,,,,,,,,,,,,,,,,,,,,,,,,,,,,,,,,,
boffa,2014-08-27,,,,0.0,,0.0,0.0,,,,,,,,,,,,,,,,,,,,,,,,,,,,,,,,,,,,,0.0,,,,,,,0.0,,,,,,,,,
conakry,2014-08-27,118,42%,5,4,0,0,0,9,0.0,0,,,,,,204,,0,1725,,204,,,,,,,,,,,,,12,0,,,,,,22,102,8,8,1934,49,39,8,2,11,4,307,6,,26,,,,742,195
coyah,2014-08-27,,,,,,,,,,,,,,,,,,,,,,,,,,,,,,,,,,,,,,,,,,,,,,,,,,,,,,,,,,,,
dabola,2014-08-27,4,100%,0,0,0,0,0,0,0.0,0,,,,,,0,,0,69,,0,,,,,,,,,,,,,,,,,,,,0,1,3,0,69,4,1,3,0,0,0,0,0,,0,,,,,1
dalaba,2014-08-27,,,,,,,,,,,,,,,,,,,,,,,,,,,,,,,,,,,,,,,,,,,,,,,,,,,,,,,,,,,,
dinguiraye,2014-08-27,1,100%,0,0,0,0,0,0,0.0,0,,,,,,0,,0,0,,0,,,,,,,,,,,,,,,,,,,,0,0,1,0,0,1,0,1,0,0,0,0,0,,0,,,,,0
dubreka,2014-08-27,,,,1.0,,0.0,0.0,,,,,,,,,,,,,,,,,,,,,,,,,,,,,,,,,,,,,0.0,,,,,,,1.0,,,,,,,,,
forecariah,2014-08-27,,,,,,,,,,,,,,,,,,,,,,,,,,,,,,,,,,,,,,,,,,,,,,,,,,,,,,,,,,,,
gueckedou,2014-08-27,313,86%,7,0,0,0,3,86,0.0,0,,,,,,300,,2,3116,,302,,,,,,,,,,,,,46,0,,,,,,7,207,102,4,3418,268,166,102,0,5,3,638,8,,54,,,,977,192
kerouane,2014-08-27,,,,,,,,,,,,,,,,,,,,,,,,,,,,,,,,,,,,,,,,,,,,,,,,,,,,,,,,,,,,
kindia,2014-08-27,,,,,,,,,,,,,,,,,,,,,,,,,,,,,,,,,,,,,,,,,,,,,,,,,,,,,,,,,,,,
kissidougou,2014-08-27,7,86%,0,0,0,0,0,0,0.0,0,,,,,,0,,0,159,,0,,,,,,,,,,,,,,,,,,,,0,2,5,0,159,6,1,5,0,0,0,0,0,,0,,,,,8
kouroussa,2014-08-27,,,,0.0,,0.0,0.0,,,,,,,,,,,,,,,,,,,,,,,,,,,,,,,,,,,,,0.0,,,,,,,0.0,,,,,,,,,
lola,2014-08-27,,,,,,,,,,,,,,,,,,,,,,,,,,,,,,,,,,,,,,,,,,,,,,,,,,,,,,,,,,,,
macenta,2014-08-27,122,52%,0,5,0,0,7,24,2.0,0,,,,,,359,,1,434,,360,,,,,,,,,,,,,0,0,,,,,,9,103,11,8,680,64,53,11,0,7,12,0,0,,0,,,,0,63
nzerekore,2014-08-27,,,,0.0,,0.0,1.0,,,,,,,,,,,,,,,,,,,,,,,,,,,,,,,,,,,,,1.0,,,,,,,1.0,,,,,,,,,
pita,2014-08-27,,,,0.0,,0.0,0.0,,,,,,,,,,,,,,,,,,,,,,,,,,,,,,,,,,,,,0.0,,,,,,,0.0,,,,,,,,,
siguiri,2014-08-27,,,,0.0,,0.0,0.0,,,,,,,,,,,,,,,,,,,,,,,,,,,,,,,,,,,,,0.0,,,,,,,0.0,,,,,,,,,
telimele,2014-08-27,26,38%,0,0,0,0,0,0,0.0,0,,,,,,0,,0,259,,0,,,,,,,,,,,,,,,,,,,,2,23,3,0,259,10,7,3,0,1,0,41,0,,0,,,,,18
totals,2014-08-27,663,66%,12,10,0,0,12,127,2.0,0,,,,,,1250,,14,6496,,1264,,,,,,,,,,,,,58,0,,,,,,45,499,142,22,7662,438,294,142,2,26,22,999,14,,80,,,,1719,518
yomou,2014-08-27,,,,0.0,,0.0,1.0,,,,,,,,,,,,,,,,,,,,,,,,,,,,,,,,,,,,,1.0,,,,,,,1.0,,,,,,,,,
beyla,2014-09-11,,,,,,,,,,,,,,,,,,,,,,,,,,,,,,,,,,,,,,,,,,,,,,,,,,,,,,,,,,,,
boffa,2014-09-11,24,67%,,,,,,,,0,,,,,,0,,0,397,,0,,,,,,,,,,,,,,,,,,,,0,19,5,0,397,16,11,5,0,0,0,0,0,,0,,,,,19
conakry,2014-09-11,135,42%,2,2,2,,,14,,0,,,,,,574,,0,1812,,600,,,,,,,,,,,,,16,0,,,,,,31,117,8,10,2412,57,47,8,2,13,2,416,8,,23,,,,938,259
coyah,2014-09-11,6,33%,,1,,,,5,,0,,,,,,90,,0,0,,97,,,,,,,,,,,,,,,,,,,,0,6,0,0,97,2,2,0,0,0,1,0,0,,0,,,,,1
dabola,2014-09-11,4,100%,,,,,,,,0,,,,,,0,,0,69,,0,,,,,,,,,,,,,,,,,,,,0,1,3,0,69,4,1,3,0,0,0,0,0,,0,,,,,3
dalaba,2014-09-11,,,,,,,,,,,,,,,,,,,,,,,,,,,,,,,,,,,,,,,,,,,,,,,,,,,,,,,,,,,,
dinguiraye,2014-09-11,1,100%,,,,,,,,0,,,,,,0,,0,0,,0,,,,,,,,,,,,,,,,,,,,0,0,1,0,0,1,0,1,0,0,0,0,0,,0,,,,,0
dubreka,2014-09-11,21,19%,,,,,,,,0,,,,,,180,,0,0,,180,,,,,,,,,,,,,,,,,,,,4,21,0,0,180,4,4,0,0,0,0,0,0,,0,,,,,17
forecariah,2014-09-11,8,50%,,,,,1,59,,0,,,,,,118,,0,0,,121,,,,,,,,,,,,,,,,,,,,0,7,0,1,121,4,4,0,0,0,1,0,0,,0,,,,,9
gueckedou,2014-09-11,347,84%,1,1,,,4,43,,0,,,,,,292,,2,3410,,292,,,,,,,,,,,,,31,0,,,,,,8,232,110,5,3702,292,182,110,0,6,5,774,6,,85,,,,1395,252
kerouane,2014-09-11,20,5%,,,,,3,,,0,,,,,,165,,0,43,,208,,,,,,,,,,,,,,,,,,,,0,17,0,3,208,1,1,0,0,0,3,0,0,,0,,,,,3
kindia,2014-09-11,,,,,,,,,,,,,,,,,,,,,,,,,,,,,,,,,,,,,,,,,,,,,,,,,,,,,,,,,,,,
kissidougou,2014-09-11,7,86%,,,,,,,,0,,,,,,0,,0,159,,0,,,,,,,,,,,,,,,,,,,,0,2,5,0,159,6,1,5,0,0,0,0,0,,0,,,,,7
kouroussa,2014-09-11,4,100%,,,,,,,,0,,,,,,48,,0,46,,48,,,,,,,,,,,,,,,,,,,,0,2,2,0,94,4,2,2,0,0,0,0,0,,0,,,,,1
lola,2014-09-11,,,,,,,,,,,,,,,,,,,,,,,,,,,,,,,,,,,,,,,,,,,,,,,,,,,,,,,,,,,,
macenta,2014-09-11,256,58%,,9,,,1,48,2.0,0,,,,,,555,,0,295,,831,,,,,,,,,,,,,0,0,,,,,,8,232,12,12,1126,148,134,12,2,6,10,0,0,,0,,,,0,128
mzerekore,2014-09-11,15,53%,,,,,,3,,0,,,,,,52,,0,165,,52,,,,,,,,,,,,,,,,,,,,1,14,1,0,217,8,7,1,0,1,0,0,0,,0,,,,,9
pita,2014-09-11,8,38%,,,,,,,,0,,,,,,32,,0,108,,32,,,,,,,,,,,,,,,,,,,,0,6,1,1,140,3,2,1,0,0,0,0,0,,0,,,,,13
siguiri,2014-09-11,6,50%,,,,,,,,0,,,,,,0,,0,141,,0,,,,,,,,,,,,,,,,,,,,2,6,0,0,141,3,3,0,0,0,0,13,0,,0,,,,,8
telimele,2014-09-11,26,38%,,,,,,,,0,,,,,,0,,0,259,,0,,,,,,,,,,,,,,,,,,,,2,23,3,0,259,10,7,3,0,1,0,41,0,,0,,,,,18
totals,2014-09-11,899,63%,3,13,2,0,9,172,2.0,0,,,,,,2136,,2,6904,,2453,,,,,,,,,,,,,47,0,,,,,,57,716,151,32,9378,568,413,151,4,28,22,1244,14,,108,,,,2333,747
yomou,2014-09-11,11,45%,,,,,,,,0,,,,,,30,,0,0,,35,,,,,,,,,,,,,,,,,,,,1,11,0,0,56,5,5,0,0,1,0,0,0,,0,,,,,4
boffa,2014-09-16,24,67%,,,,,,,,0,,,,,,0,,0,397,,0,,,,,,,,,,,,,,,,,,,,0,19,5,0,397,16,11,5,0,0,0,0,0,,0,,,,,20
conakry,2014-09-16,151,40%,3,2,,,3,48,,0,,,,,,635,,0,2007,,638,,,,,,,,,,,,,13,0,,,,,,33,129,8,14,2645,61,51,8,2,14,5,452,9,,17,,,,1017,278
coyah,2014-09-16,7,57%,,,,,,,,0,,,,,,80,,0,28,,88,,,,,,,,,,,,,,,,,,,,1,7,0,0,116,4,4,0,0,0,0,0,0,,0,,,,,3
dabola,2014-09-16,4,100%,,,,,,,,0,,,,,,0,,0,69,,0,,,,,,,,,,,,,,,,,,,,0,1,3,0,69,4,1,3,0,0,0,0,0,,0,,,,,3
dalaba,2014-09-16,2,0%,,1,,,,,,0,,,,,,20,,0,0,,34,,,,,,,,,,,,,,,,,,,,0,2,0,0,34,0,0,0,0,0,0,0,0,,0,,,,,0
dinguiraye,2014-09-16,1,100%,,,,,,,,0,,,,,,0,,0,0,,0,,,,,,,,,,,,,,,,,,,,0,0,1,0,0,1,0,1,0,0,0,0,0,,0,,,,,0
dubreka,2014-09-16,22,18%,,,,,1,,,0,,,,,,69,,0,272,,69,,,,,,,,,,,,,,,,,,,,3,21,0,1,341,4,4,0,0,0,1,0,0,,0,,,,,19
forecariah,2014-09-16,10,50%,,,,,,5,,0,,,,,,74,,0,61,,84,,,,,,,,,,,,,,,,,,,,0,9,0,1,145,5,5,0,0,0,0,0,0,,0,,,,,9
gueckedou,2014-09-16,350,84%,0,,,,,,,0,,,,,,244,,6,3489,,254,,,,,,,,,,,,,12,0,,,,,,9,235,110,5,3749,293,182,110,1,6,0,842,15,,49,,,,1472,255
kerouane,2014-09-16,22,14%,,,,,,,,0,,,,,,137,,0,71,,137,,,,,,,,,,,,,,,,,,,,0,22,0,0,208,3,3,0,0,0,0,0,0,,0,,,,,5
kissidougou,2014-09-16,8,88%,,,,,,,,0,,,,,,0,,0,159,,0,,,,,,,,,,,,,,,,,,,,0,3,5,0,159,7,2,5,0,0,0,0,0,,0,,,,,7
kouroussa,2014-09-16,4,100%,,,,,,,,0,,,,,,0,,0,94,,0,,,,,,,,,,,,,,,,,,,,0,2,2,0,94,4,2,2,0,0,0,0,0,,0,,,,,1
macenta,2014-09-16,279,59%,,3,,,,,3.0,0,,,,,,960,,0,295,,970,,,,,,,,,,,,,0,0,,,,,,9,258,12,9,1265,165,151,12,2,7,3,0,0,,0,,,,0,130
nzerekore,2014-09-16,28,71%,,,,,,,,0,,,,,,98,,1,164,,99,,,,,,,,,,,,,,,,,,,,1,17,11,0,264,20,9,11,0,1,0,0,0,,0,,,,,9
pita,2014-09-16,9,33%,,,,,,,,0,,,,,,25,,0,115,,25,,,,,,,,,,,,,,,,,,,,0,6,1,2,140,3,2,1,0,0,0,0,0,,0,,,,,17
siguiri,2014-09-16,6,50%,,,,,,,,0,,,,,,0,,0,141,,0,,,,,,,,,,,,,,,,,,,,2,6,0,0,141,3,3,0,0,0,0,13,0,,0,,,,,9
telimele,2014-09-16,26,38%,,,,,,,,0,,,,,,0,,0,259,,0,,,,,,,,,,,,,,,,,,,,2,23,3,0,259,10,7,3,0,1,0,41,0,,0,,,,,18
totals,2014-09-16,964,63%,3,6,0,0,4,53,3.0,0,,,,,,2372,,7,7642,,2433,,,,,,,,,,,,,25,0,,,,,,61,771,161,32,10082,608,442,161,5,30,10,1348,24,,66,,,,2489,787
yomou,2014-09-16,11,45%,,,,,,,,0,,,,,,30,,0,21,,35,,,,,,,,,,,,,,,,,,,,1,11,0,0,56,5,5,0,0,1,0,0,0,,0,,,,,4
beyla,2014-09-09,,,,,,,,,,,,,,,,,,,,,,,,,,,,,,,,,,,,,,,,,,,,,,,,,,,,,,,,,,,,
boffa,2014-09-09,24,67%,,,,,,,,0,,,,,,0,,0,397,,0,,,,,,,,,,,,,,,,,,,,0,19,5,0,397,16,11,5,0,0,0,0,0,,0,,,,,19
conakry,2014-09-09,130,44%,1,1,,,,,,0,,,,,,531,,0,1809,,585,,,,,,,,,,,,,11,0,,,,,,28,113,8,9,2297,57,47,8,2,13,1,402,4,,22,,,,910,259
coyah,2014-09-09,6,33%,,,,,,,,0,,,,,,82,,0,0,,82,,,,,,,,,,,,,,,,,,,,0,5,0,1,82,2,2,0,0,0,0,0,0,,0,,,,,1
dabola,2014-09-09,4,100%,,,,,,,,0,,,,,,0,,0,69,,0,,,,,,,,,,,,,,,,,,,,0,1,3,0,69,4,1,3,0,0,0,0,0,,0,,,,,3
dalaba,2014-09-09,,,,,,,,,,,,,,,,,,,,,,,,,,,,,,,,,,,,,,,,,,,,,,,,,,,,,,,,,,,,
dinguiraye,2014-09-09,1,100%,,,,,,,,0,,,,,,0,,0,0,,0,,,,,,,,,,,,,,,,,,,,0,0,1,0,0,1,0,1,0,0,0,0,0,,0,,,,,0
dubreka,2014-09-09,21,19%,,,,,,,,0,,,,,,180,,0,0,,180,,,,,,,,,,,,,,,,,,,,4,21,0,0,180,4,4,0,0,0,0,0,0,,0,,,,,17
forecariah,2014-09-09,6,67%,,,,,,,,0,,,,,,123,,0,35,,123,,,,,,,,,,,,,,,,,,,,0,6,0,0,123,4,4,0,0,0,0,0,0,,0,,,,,9
gueckedou,2014-09-09,343,85%,9,,,,,1,2.0,0,,,,,,279,,0,3365,,279,,,,,,,,,,,,,27,0,,,,,,8,230,110,3,3644,291,181,110,0,6,0,774,17,,70,,,,1364,252
kerouane,2014-09-09,18,6%,,,,,7,,,0,,,,,,165,,0,0,,165,,,,,,,,,,,,,,,,,,,,0,11,0,7,165,1,1,0,0,0,7,0,0,,0,,,,,3
kindia,2014-09-09,,,,,,,,,,,,,,,,,,,,,,,,,,,,,,,,,,,,,,,,,,,,,,,,,,,,,,,,,,,,
kissidougou,2014-09-09,7,86%,,,,,,,,0,,,,,,0,,0,159,,0,,,,,,,,,,,,,,,,,,,,0,2,5,0,159,6,1,5,0,0,0,0,0,,0,,,,,7
kouroussa,2014-09-09,4,100%,,,,,,,,0,,,,,,48,,0,46,,48,,,,,,,,,,,,,,,,,,,,0,2,2,0,94,4,2,2,0,0,0,0,0,,0,,,,,1
lola,2014-09-09,,,,,,,,,,,,,,,,,,,,,,,,,,,,,,,,,,,,,,,,,,,,,,,,,,,,,,,,,,,,
macenta,2014-09-09,236,62%,42,5,,,1,,4.0,0,,,,,,602,,0,357,,783,,,,,,,,,,,,,0,0,,,,,,8,213,12,11,1078,146,132,12,2,6,6,42,0,,0,,,,0,128
mzerekore,2014-09-09,15,53%,,1,,,,,1.0,0,,,,,,53,,0,151,,53,,,,,,,,,,,,,,,,,,,,1,14,1,0,204,8,7,1,0,1,1,0,0,,0,,,,,9
pita,2014-09-09,8,38%,,,,,,,,0,,,,,,32,,0,108,,32,,,,,,,,,,,,,,,,,,,,0,6,1,1,140,3,2,1,0,0,0,0,0,,0,,,,,13
siguiri,2014-09-09,7,43%,,,,,1,,,0,,,,,,0,,0,141,,0,,,,,,,,,,,,,,,,,,,,2,6,0,1,141,3,3,0,0,0,1,13,0,,0,,,,,8
telimele,2014-09-09,26,38%,,,,,,,,0,,,,,,0,,0,259,,0,,,,,,,,,,,,,,,,,,,,2,23,3,0,259,10,7,3,0,1,0,41,0,,0,,,,,18
totals,2014-09-09,867,65%,52,7,0,0,9,1,7.0,0,,,,,,2043,,0,6896,,2283,,,,,,,,,,,,,38,0,,,,,,54,683,151,33,9006,565,410,151,4,28,16,1272,21,,92,,,,2274,747
yomou,2014-09-09,11,45%,,,,,,,,0,,,,,,30,,0,0,,35,,,,,,,,,,,,,,,,,,,,1,11,0,0,56,5,5,0,0,1,0,0,0,,0,,,,,4
beyla,2014-09-22,,,,,,,,,,,,,,,,,,,,,,,,,,,,,,,,,,,,,,,,,,,,,,,,,,,,,,,,,,,,
boffa,2014-09-22,24,67%,,,,,,,,0,,,,,,0,,0,397,,0,,,,,,,,,,,,,,,,,,,,0,19,5,0,397,16,11,5,0,0,0,0,0,,0,,,,,20
conakry,2014-09-22,154,44%,5,3,,,3,26,,0,,,,,,756,,0,2193,,801,,,,,,,,,,,,,13,0,,,,,,38,136,8,10,2994,68,58,8,2,18,6,482,5,,20,,,,1066,299
coyah,2014-09-22,9,56%,,2,,,,,,0,,,,,,98,,1,17,,98,,,,,,,,,,,,,,,,,,,,1,9,0,0,116,5,5,0,0,0,2,0,0,,0,,,,,4
dabola,2014-09-22,4,100%,,,,,,,,0,,,,,,0,,0,69,,0,,,,,,,,,,,,,,,,,,,,0,1,3,0,69,4,1,3,0,0,0,0,0,,0,,,,,3
dalaba,2014-09-22,2,0%,,,,,,,,0,,,,,,20,,0,0,,34,,,,,,,,,,,,,,,,,,,,0,2,0,0,34,0,0,0,0,0,0,0,0,,0,,,,,1
dinguiraye,2014-09-22,1,100%,,,,,,,,0,,,,,,0,,0,0,,0,,,,,,,,,,,,,,,,,,,,0,0,1,0,0,1,0,1,0,0,0,0,0,,0,,,,,0
dubreka,2014-09-22,21,33%,,,,,,,,0,,,,,,49,,0,292,,49,,,,,,,,,,,,,,,,,,,,3,21,0,0,341,7,7,0,0,1,0,0,0,,0,,,,,19
forecariah,2014-09-22,10,70%,,,,,,,,0,,,,,,74,,0,61,,84,,,,,,,,,,,,,,,,,,,,0,9,0,1,145,7,7,0,0,0,0,0,0,,0,,,,,12
gueckedou,2014-09-22,356,83%,9,2,,,2,3,,0,,,,,,173,,0,3588,,179,,,,,,,,,,,,,20,0,,,,,,9,239,111,6,3767,295,183,111,1,6,4,869,4,,50,,,,1543,259
kerouane,2014-09-22,22,23%,,,,,,,,0,,,,,,144,,0,71,,144,,,,,,,,,,,,,,,,,,,,0,22,0,0,215,5,5,0,0,0,0,0,0,,0,,,,,9
kindia,2014-09-22,1.0,0.0,,,,,,,,0.0,,,,,,,,,,,,,,,,,,,,,,,,,,,,,,,0.0,1.0,0.0,0.0,0.0,0.0,0.0,0.0,0.0,0.0,0.0,0.0,,,0.0,,,,,0.0
kissidougou,2014-09-22,8,88%,,,,,,,,0,,,,,,0,,0,159,,0,,,,,,,,,,,,,,,,,,,,0,3,5,0,159,7,2,5,0,0,0,0,0,,0,,,,,7
kouroussa,2014-09-22,4,100%,,,,,,,,0,,,,,,0,,0,94,,0,,,,,,,,,,,,,,,,,,,,0,2,2,0,94,4,2,2,0,0,0,0,0,,0,,,,,2
lola,2014-09-22,,,,,,,,,,,,,,,,,,,,,,,,,,,,,,,,,,,,,,,,,,,,,,,,,,,,,,,,,,,,
macenta,2014-09-22,325,54%,,7,,,,,3.0,0,,,,,,855,,0,539,,831,,,,,,,,,,,,,,,,,,,,9,303,12,10,1370,175,161,12,2,7,7,13,0,,13,,,,,144
mzerekore,2014-09-22,30,67%,,,,,,,,0,,,,,,83,,1,84,,84,,,,,,,,,,,,,,,,,,,,2,19,11,0,264,20,9,11,0,1,0,0,0,,0,,,,,10
pita,2014-09-22,8,38%,,,,,,,,0,,,,,,25,,0,115,,25,,,,,,,,,,,,,,,,,,,,0,6,1,1,140,3,2,1,0,0,0,0,0,,0,,,,,18
siguiri,2014-09-22,6,50%,,,,,,,,0,,,,,,0,,0,141,,0,,,,,,,,,,,,,,,,,,,,2,6,0,0,141,3,3,0,0,0,0,0,0,,0,,,,,9
telimele,2014-09-22,26,38%,,,,,,,,0,,,,,,0,,0,259,,0,,,,,,,,,,,,,,,,,,,,2,23,3,0,259,10,7,3,0,1,0,0,0,,0,,,,,18
totals,2014-09-22,1022,62%,14,14,0,0,5,29,3.0,0,,,,,,2307,,4,8100,,2364,,,,,,,,,,,,,33,0,,,,,,67,832,162,28,10561,635,468,162,5,35,19,1418,9,,83,,,,2609,838
yomou,2014-09-22,11,45%,,,,,,,,0,,,,,,30,,2,21,,35,,,,,,,,,,,,,,,,,,,,1,11,0,0,56,5,5,0,0,1,0,0,0,,0,,,,,4
beyla,2014-08-30,,,,,,,,,,,,,,,,,,,,,,,,,,,,,,,,,,,,,,,,,,,,,,,,,,,,,,,,,,,,
boffa,2014-08-30,25,64%,0,,0,,,0,,0,,,,,,0,,0,46,,0,,,,,,,,,,,,,,,,,,,,0,19,5,1,397,16,11,5,0,0,0,0,0,,0,,,,,18
conakry,2014-08-30,126,44%,5,2,0,,,0,1.0,0,,,,,,253,,0,1727,,253,,,,,,,,,,,,,24,0,,,,,,24,109,8,9,1986,55,45,8,2,11,2,347,21,,27,,,,800,197
coyah,2014-08-30,,,,,,,,,,,,,,,,,,,,,,,,,,,,,,,,,,,,,,,,,,,,,,,,,,,,,,,,,,,,
dabola,2014-08-30,4,100%,0,,0,,,0,,0,,,,,,0,,0,69,,0,,,,,,,,,,,,,,,,,,,,0,1,3,0,69,4,1,3,0,0,0,0,0,,0,,,,,1
dalaba,2014-08-30,,,,,,,,,,,,,,,,,,,,,,,,,,,,,,,,,,,,,,,,,,,,,,,,,,,,,,,,,,,,
dinguiraye,2014-08-30,1,100%,0,,0,,,0,,0,,,,,,0,,0,259,,0,,,,,,,,,,,,,,,,,,,,0,0,1,0,0,1,0,1,0,0,0,0,0,,0,,,,,0
dubreka,2014-08-30,14,14%,0,,0,,,0,,0,,,,,,154,,3,0,,157,,,,,,,,,,,,,,,,,,,,4,13,0,1,157,2,2,0,0,0,0,0,0,,0,,,,,5
forecariah,2014-08-30,7,43%,0,,0,,,0,,0,,,,,,0,,0,,,0,,,,,,,,,,,,,,,,,,,,0,5,0,2,0,3,3,0,0,0,0,0,0,,0,,,,,6
gueckedou,2014-08-30,317,85%,4,3,0,,2,0,1.0,0,,,,,,221,,0,3116,,223,,,,,,,,,,,,,17,0,,,,,,8,211,102,4,3418,271,169,102,0,6,5,693,12,,55,,,,1058,205
kerouane,2014-08-30,,,,,,,,,,,,,,,,,,,,,,,,,,,,,,,,,,,,,,,,,,,,,,,,,,,,,,,,,,,,
kindia,2014-08-30,,,,,,,,,,,,,,,,,,,,,,,,,,,,,,,,,,,,,,,,,,,,,,,,,,,,,,,,,,,,
kissidougou,2014-08-30,7,86%,0,,0,,,0,,0,,,,,,0,,0,159,,0,,,,,,,,,,,,,,,,,,,,0,2,5,0,159,6,1,5,0,0,0,0,0,,0,,,,,7
kouroussa,2014-08-30,4,100%,0,,0,,,0,,0,,,,,,8,,0,141,,48,,,,,,,,,,,,,,,,,,,,0,2,2,0,94,4,2,2,0,0,0,0,0,,0,,,,,1
lola,2014-08-30,,,,,,,,,,,,,,,,,,,,,,,,,,,,,,,,,,,,,,,,,,,,,,,,,,,,,,,,,,,,
macenta,2014-08-30,142,56%,0,4,0,,12,0,2.0,0,,,,,,293,,64,434,,357,,,,,,,,,,,,,0,0,,,,,,8,117,11,14,680,80,69,11,0,6,16,0,0,,0,,,,0,74
nzerekore,2014-08-30,11,55%,0,,0,,,13,,0,,,,,,77,,2,0,,79,,,,,,,,,,,,,,,,,,,,1,10,1,0,195,6,5,1,0,1,0,0,0,,0,,,,,7
pita,2014-08-30,6,67%,0,,0,,,0,,0,,,,,,92,,5,116,,97,,,,,,,,,,,,,,,,,,,,0,5,1,0,137,4,3,1,0,0,0,0,0,,0,,,,,10
siguiri,2014-08-30,6,50%,0,,0,,,0,,0,,,,,,0,,0,40,,0,,,,,,,,,,,,,,,,,,,,2,6,0,0,141,3,3,0,0,0,0,13,0,,0,,,,,8
telimele,2014-08-30,26,38%,0,,0,,,0,,0,,,,,,0,,0,397,,0,,,,,,,,,,,,,,,,,,,,2,23,3,0,259,10,7,3,0,1,0,41,0,,0,,,,,18
totals,2014-08-30,707,66%,9,9,0,0,15,21,5.0,0,,,,,,1173,,76,6504,,1251,,,,,,,,,,,,,41,0,,,,,,50,533,142,32,7734,468,324,142,2,26,24,1094,33,,82,,,,1858,560
yomou,2014-08-30,11,27%,0,,0,,1,0,,0,,,,,,35,,2,0,,37,,,,,,,,,,,,,,,,,,,,1,10,0,1,42,3,3,0,0,1,1,0,0,,0,,,,,3
beyla,2014-09-02,,,,,,,,,,,,,,,,,,,,,,,,,,,,,,,,,,,,,,,,,,,,,,,,,,,,,,,,,,,,
boffa,2014-09-02,25,64%,,,0,,,,,0,,,,,,0,,0,397,,0,,,,,,,,,,,,,,,,,,,,0,19,5,1,397,16,11,5,0,0,0,0,0,,0,,,,,19
conakry,2014-09-02,133,42%,6,,0,,,,,0,,,,,,332,,0,1727,,337,,,,,,,,,,,,,12,0,,,,,,24,110,8,15,1986,56,46,8,2,11,0,368,2,,38,,,,843,228
coyah,2014-09-02,3,0%,,,0,,,,,0,,,,,,0,,0,0,,0,,,,,,,,,,,,,,,,,,,,0,3,0,0,0,0,0,0,0,0,3,0,0,,0,,,,,0
dabola,2014-09-02,4,100%,,,0,,,,,0,,,,,,0,,0,69,,0,,,,,,,,,,,,,,,,,,,,0,1,3,0,69,4,1,3,0,0,0,0,0,,0,,,,,1
dalaba,2014-09-02,,,,,,,,,,,,,,,,,,,,,,,,,,,,,,,,,,,,,,,,,,,,,,,,,,,,,,,,,,,,
dinguiraye,2014-09-02,1,100%,,,0,,,,,0,,,,,,0,,0,0,,0,,,,,,,,,,,,,,,,,,,,0,0,1,0,0,1,0,1,0,0,0,0,0,,0,,,,,0
dubreka,2014-09-02,21,14%,,,0,,,,,0,,,,,,154,,3,0,,157,,,,,,,,,,,,,,,,,,,,4,20,0,1,157,3,3,0,0,0,1,0,0,,0,,,,,4
forecariah,2014-09-02,7,43%,,,0,,,,,0,,,,,,0,,0,0,,0,,,,,,,,,,,,,,,,,,,,0,5,0,2,71,3,3,0,0,0,0,0,0,,0,,,,,7
gueckedou,2014-09-02,334,85%,23,4,0,,5,,2.0,0,,,,,,259,,0,3116,,259,,,,,,,,,,,,,19,0,,,,,,8,219,110,5,3497,283,173,110,0,6,9,722,22,,67,,,,1175,244
kerouane,2014-09-02,14,0%,,,0,,,,,0,,,,,,0,,0,0,,0,,,,,,,,,,,,,,,,,,,,0,9,0,5,0,0,0,0,0,0,0,0,0,,0,,,,,0
kindia,2014-09-02,,,,,,,,,,,,,,,,,,,,,,,,,,,,,,,,,,,,,,,,,,,,,,,,,,,,,,,,,,,,
kissidougou,2014-09-02,7,86%,,,0,,,,,0,,,,,,0,,0,159,,0,,,,,,,,,,,,,,,,,,,,0,2,5,0,159,6,1,5,0,0,0,0,0,,0,,,,,7
kouroussa,2014-09-02,4,100%,,,0,,,,,0,,,,,,48,,0,46,,48,,,,,,,,,,,,,,,,,,,,0,2,2,0,94,4,2,2,0,0,0,0,0,,0,,,,,1
lola,2014-09-02,,,,,,,,,,,,,,,,,,,,,,,,,,,,,,,,,,,,,,,,,,,,,,,,,,,,,,,,,,,,
macenta,2014-09-02,174,57%,,6,0,,6,,3.0,0,,,,,,645,,64,434,,829,,,,,,,,,,,,,0,0,,,,,,8,146,11,17,970,99,88,11,0,6,12,0,0,,0,,,,0,85
mzerekore,2014-09-02,11,55%,,,0,,,,,0,,,,,,79,,2,116,,80,,,,,,,,,,,,,,,,,,,,1,10,1,0,196,6,5,1,0,1,0,0,0,,0,,,,,7
pita,2014-09-02,9,33%,,,0,,,,,0,,,,,,92,,5,40,,97,,,,,,,,,,,,,,,,,,,,0,6,1,2,137,3,2,1,0,0,0,0,0,,0,,,,,10
siguiri,2014-09-02,6,50%,,,0,,,,,0,,,,,,0,,0,141,,0,,,,,,,,,,,,,,,,,,,,2,6,0,0,141,3,3,0,0,0,0,13,0,,0,,,,,8
telimele,2014-09-02,26,38%,,,0,,,,,0,,,,,,0,,0,259,,0,,,,,,,,,,,,,,,,,,,,2,23,3,0,259,10,7,3,0,1,0,41,0,,0,,,,,18
totals,2014-09-02,790,63%,29,14,0,0,11,0,5.0,0,,,,,,1641,,76,6504,,1842,,,,,,,,,,,,,31,0,,,,,,50,591,150,49,8189,501,349,150,2,26,25,1144,24,,105,,,,2018,642
yomou,2014-09-02,11,36%,,,0,,,,,0,,,,,,32,,2,0,,35,,,,,,,,,,,,,,,,,,,,1,10,0,1,56,4,4,0,0,1,0,0,0,,0,,,,,3
beyla,2014-08-26,,,,,,,,,,,,,,,,,,,,,,,,,,,,,,,,,,,,,,,,,,,,,,,,,,,,,,,,,,,,
boffa,2014-08-26,24,67%,0,,0,,,0,0.0,0,,,,,,0,,0,397,,0,,,,,,,,,,,,,,,,,,,,0,19,5,0,397,34,11,5,0,0,,0,0,,0,,,,,18
conakry,2014-08-26,114,42%,3,,0,,,53,0.0,0,,,,,,260,,0,1725,,266,,,,,,,,,,,,,9,0,,,,,,22,98,8,8,1925,243,38,8,2,11,,307,2,,27,,,,723,195
coyah,2014-08-26,,,,,,,,,,,,,,,,,,,,,,,,,,,,,,,,,,,,,,,,,,,,,,,,,,,,,,,,,,,,
dabola,2014-08-26,4,100%,0,,0,,,0,0.0,0,,,,,,0,,0,69,,0,,,,,,,,,,,,,,,,,,,,0,1,3,0,69,5,1,3,0,0,,0,0,,0,,,,,1
dalaba,2014-08-26,,,,,,,,,,,,,,,,,,,,,,,,,,,,,,,,,,,,,,,,,,,,,,,,,,,,,,,,,,,,
dinguiraye,2014-08-26,1,100%,0,,0,,,0,0.0,0,,,,,,0,,0,0,,0,,,,,,,,,,,,,,,,,,,,0,0,1,0,0,1,0,1,0,0,,0,0,,0,,,,,0
dubreka,2014-08-26,8,13%,0,1,0,,,0,0.0,0,,,,,,114,,0,0,,114,,,,,,,,,,,,,,,,,,,,1,8,0,0,116,3,1,0,0,0,1,0,0,,0,,,,,2
forecariah,2014-08-26,,,,,,,,,,,,,,,,,,,,,,,,,,,,,,,,,,,,,,,,,,,,,,,,,,,,,,,,,,,,
gueckedou,2014-08-26,312,86%,19,1,0,,1,0,0.0,0,,,,,,222,,1,3058,,223,,,,,,,,,,,,,46,0,,,,,,7,207,101,4,3332,459,166,101,0,5,2,638,4,,60,,,,977,192
kerouane,2014-08-26,,,,,,,,,,,,,,,,,,,,,,,,,,,,,,,,,,,,,,,,,,,,,,,,,,,,,,,,,,,,
kindia,2014-08-26,,,,,,,,,,,,,,,,,,,,,,,,,,,,,,,,,,,,,,,,,,,,,,,,,,,,,,,,,,,,
kissidougou,2014-08-26,6,83%,0,,0,,,0,0.0,0,,,,,,0,,0,159,,0,,,,,,,,,,,,,,,,,,,,0,2,4,0,159,13,1,4,0,0,,0,0,,0,,,,,8
kouroussa,2014-08-26,4,100%,0,,0,,,0,0.0,0,,,,,,48,,0,46,,48,,,,,,,,,,,,,,,,,,,,0,2,2,0,94,5,2,2,0,0,,0,0,,0,,,,,1
lola,2014-08-26,,,,,,,,,,,,,,,,,,,,,,,,,,,,,,,,,,,,,,,,,,,,,,,,,,,,,,,,,,,,
macenta,2014-08-26,124,51%,0,5,0,,12,81,2.0,0,,,,,,246,,0,434,,246,,,,,,,,,,,,,0,0,,,,,,9,99,12,13,680,128,51,12,0,7,17,0,0,,0,,,,0,63
mzerekore,2014-08-26,12,50%,0,,0,,1,3,0.0,0,,,,,,53,,1,110,,54,,,,,,,,,,,,,,,,,,,,1,10,1,1,170,12,5,1,0,1,1,0,0,,0,,,,,6
pita,2014-08-26,6,50%,0,,0,,,0,0.0,0,,,,,,92,,5,40,,97,,,,,,,,,,,,,,,,,,,,0,5,1,0,137,10,2,1,0,0,,0,0,,0,,,,,7
siguiri,2014-08-26,6,50%,0,,0,,,0,0.0,0,,,,,,0,,0,141,,0,,,,,,,,,,,,,,,,,,,,2,6,0,0,141,10,3,0,0,0,,13,0,,0,,,,,7
telimele,2014-08-26,26,38%,0,,0,,,0,0.0,0,,,,,,0,,0,259,,0,,,,,,,,,,,,,,,,,,,,2,23,3,0,259,28,7,3,0,1,,41,0,,0,,,,,18
totals,2014-08-26,661,66%,22,10,0,,18,137,5.0,0,,,,,,1070,,9,6438,,1085,,,,,,,,,,,,,55,0,,,,,,45,490,141,30,7521,958,292,141,2,26,28,997,6,,87,,,,1700,518
yomou,2014-08-26,14,29%,0,3,0,,4,0,3.0,0,,,,,,35,,2,0,,37,,,,,,,,,,,,,,,,,,,,1,10,0,4,42,7,4,0,0,1,7,0,0,,0,,,,,0
boffa,2014-08-04,23.0,,,0.0,,0.0,0.0,,,,0.0,0.0,0.0,0.0,0.0,,0.0,,,397.0,0.0,0.0,0.0,0.0,8.0,2.0,0.0,10.0,3.0,0.0,,0.0,,,,0.0,0.0,0.0,0.0,0.0,,18.0,5.0,0.0,397.0,16.0,11.0,5.0,0.0,,0.0,,,10.0,,13.0,7.0,6.0,,
conakry,2014-08-04,95.0,,,1.0,,0.0,5.0,,,,0.0,0.0,0.0,0.0,16.0,,331.0,,,1242.0,350.0,0.0,10.0,1.0,30.0,4.0,4.0,48.0,4.0,5.0,,1.0,,,,0.0,21.0,10.0,0.0,11.0,,78.0,8.0,9.0,1592.0,42.0,32.0,8.0,2.0,,6.0,,,38.0,,57.0,34.0,20.0,,
dabola,2014-08-04,4.0,,,0.0,,0.0,0.0,,,,0.0,0.0,0.0,0.0,0.0,,0.0,,,69.0,0.0,0.0,0.0,0.0,0.0,2.0,0.0,1.0,1.0,0.0,,0.0,,,,0.0,0.0,0.0,0.0,0.0,,1.0,3.0,0.0,69.0,4.0,1.0,3.0,0.0,,0.0,,,2.0,,2.0,0.0,0.0,,
dinguiraye,2014-08-04,1.0,,,0.0,,0.0,0.0,,,,0.0,0.0,0.0,0.0,0.0,,0.0,,,0.0,0.0,0.0,0.0,0.0,0.0,1.0,0.0,0.0,0.0,0.0,,0.0,,,,0.0,0.0,0.0,0.0,0.0,,0.0,1.0,0.0,0.0,1.0,0.0,1.0,0.0,,0.0,,,1.0,,0.0,0.0,0.0,,
dubreka,2014-08-04,0.0,,,0.0,,0.0,0.0,,,,0.0,0.0,0.0,0.0,0.0,,0.0,,,118.0,0.0,0.0,0.0,0.0,0.0,0.0,0.0,0.0,0.0,0.0,,0.0,,,,0.0,0.0,0.0,0.0,0.0,,0.0,0.0,0.0,118.0,0.0,0.0,0.0,0.0,,0.0,,,0.0,,0.0,0.0,0.0,,
gueckedou,2014-08-04,285.0,,,3.0,,0.0,0.0,,,,2.0,2.0,0.0,0.0,3.0,,200.0,,,2848.0,201.0,0.0,1.0,4.0,116.0,61.0,2.0,72.0,34.0,0.0,,4.0,,,,0.0,8.0,6.0,0.0,2.0,,188.0,95.0,2.0,3049.0,247.0,152.0,95.0,0.0,,3.0,,,179.0,,106.0,30.0,95.0,,
kissidougou,2014-08-04,6.0,,,0.0,,0.0,0.0,,,,0.0,0.0,0.0,0.0,0.0,,0.0,,,159.0,0.0,0.0,0.0,0.0,1.0,3.0,0.0,1.0,1.0,0.0,,0.0,,,,0.0,0.0,0.0,0.0,0.0,,2.0,4.0,0.0,158.0,5.0,1.0,4.0,0.0,,0.0,,,4.0,,2.0,1.0,1.0,,
kouroussa,2014-08-04,4.0,,,0.0,,0.0,0.0,,,,0.0,0.0,0.0,0.0,0.0,,37.0,,,16.0,37.0,0.0,0.0,0.0,1.0,0.0,0.0,1.0,2.0,0.0,,0.0,,,,0.0,0.0,0.0,0.0,0.0,,2.0,2.0,0.0,53.0,3.0,1.0,2.0,0.0,,0.0,,,1.0,,3.0,0.0,0.0,,
macenta,2014-08-04,39.0,,,0.0,,0.0,0.0,,,,0.0,0.0,0.0,0.0,1.0,,44.0,,,384.0,46.0,0.0,1.0,2.0,14.0,6.0,0.0,14.0,5.0,0.0,,2.0,,,,0.0,0.0,0.0,0.0,0.0,,28.0,11.0,0.0,430.0,29.0,18.0,11.0,0.0,,0.0,,,20.0,,19.0,8.0,10.0,,
nzerekore,2014-08-04,4.0,,,0.0,,0.0,0.0,,,,0.0,0.0,0.0,0.0,0.0,,0.0,,,0.0,69.0,0.0,0.0,0.0,2.0,0.0,0.0,2.0,0.0,0.0,,0.0,,,,0.0,0.0,0.0,0.0,0.0,,4.0,0.0,0.0,69.0,1.0,1.0,0.0,0.0,,0.0,,,2.0,,2.0,0.0,0.0,,
pita,2014-08-04,2.0,,,0.0,,0.0,0.0,,,,0.0,0.0,0.0,0.0,0.0,,26.0,,,15.0,26.0,0.0,0.0,0.0,1.0,0.0,0.0,0.0,1.0,0.0,,0.0,,,,0.0,0.0,0.0,0.0,0.0,,1.0,1.0,0.0,41.0,2.0,1.0,1.0,0.0,,0.0,,,1.0,,1.0,0.0,0.0,,
siguiri,2014-08-04,6.0,,,0.0,,0.0,0.0,,,,0.0,0.0,0.0,0.0,2.0,,134.0,,,6.0,135.0,0.0,0.0,0.0,0.0,0.0,0.0,6.0,0.0,2.0,,0.0,,,,2.0,2.0,2.0,0.0,0.0,,6.0,0.0,0.0,141.0,3.0,3.0,0.0,0.0,,0.0,,,0.0,,8.0,0.0,2.0,,
telimele,2014-08-04,26.0,,,0.0,,0.0,0.0,,,,0.0,0.0,0.0,0.0,1.0,,0.0,,,259.0,0.0,0.0,0.0,1.0,17.0,2.0,0.0,6.0,1.0,0.0,,1.0,,,,0.0,0.0,0.0,0.0,0.0,,23.0,3.0,0.0,259.0,10.0,7.0,3.0,0.0,,0.0,,,19.0,,7.0,9.0,5.0,,
totals,2014-08-04,495.0,,,4.0,,0.0,5.0,,,,2.0,2.0,0.0,0.0,21.0,,772.0,,,5513.0,795.0,0.0,12.0,8.0,190.0,81.0,6.0,161.0,52.0,7.0,785.0,8.0,1235.0,,,4.0,31.0,18.0,0.0,13.0,,351.0,133.0,11.0,6309.0,363.0,228.0,133.0,2.0,,9.0,,,277.0,,220.0,89.0,138.0,,
beyla,2014-10-01,2,100%,,,,,,,,0,,,,,,29,,0,0,,929,,,,,,,,,,,,,,,,,,,,0,2,0,0,2,0,1,0,0,0,0,0,0,,0,,,,,0
boffa,2014-10-01,24,67%,,,,,,,,0,,,,,,0,,0,397,,0,,,,,,,,,,,,,,,,,,,,0,19,5,0,397,16,11,5,0,0,0,0,0,,0,,,,,20
conakry,2014-10-01,199,39%,15,2,2,,15,,,0,,,,,,778,,0,2494,,825,,,,,,,,,,,,,16,0,,,,,,40,170,10,19,3319,78,68,10,0,18,17,571,9,,48,,,,1171,355
coyah,2014-10-01,12,42%,,,,,,,,0,,,,,,98,,1,17,,98,,,,,,,,,,,,,,,,,,,,1,12,0,0,116,5,5,0,0,0,0,0,0,,0,,,,,6
dabola,2014-10-01,4,100%,,,,,,,,0,,,,,,0,,0,69,,0,,,,,,,,,,,,,,,,,,,,0,1,3,0,69,4,1,3,0,0,0,0,0,,0,,,,,3
dalaba,2014-10-01,6,0%,,,,,,,,0,,,,,,20,,0,0,,34,,,,,,,,,,,,,,,,,,,,0,6,0,0,34,0,0,0,0,0,0,0,0,,0,,,,,1
dinguiraye,2014-10-01,1,100%,,,,,,,,0,,,,,,0,,0,0,,0,,,,,,,,,,,,,,,,,,,,0,0,1,0,0,1,0,1,0,0,0,0,0,,0,,,,,0
dubreka,2014-10-01,21,33%,,,,,,,,0,,,,,,49,,0,292,,49,,,,,,,,,,,,,,,,,,,,3,21,0,0,341,7,7,0,0,1,0,0,0,,0,,,,,20
forecariah,2014-10-01,16,56%,,,,,,,,0,,,,,,146,,0,61,,151,,,,,,,,,,,,,,,,,,,,0,11,2,3,212,9,7,2,0,0,0,0,0,,0,,,,,13
gueckedou,2014-10-01,362,83%,10,1,,,,,,0,,,,,,117,,0,3699,,117,,,,,,,,,,,,,9,0,,,,,,9,248,112,2,3816,301,189,112,0,6,1,924,5,,54,,,,1661,268
kerouane,2014-10-01,24,21%,,1,,,,,,0,,,,,,194,,0,480,,194,,,,,,,,,,,,,,,,,,,,0,24,0,0,674,5,5,0,0,0,1,0,0,,0,,,,,9
kindia,2014-10-01,1,0%,,,,,,,,0,,,,,,0,,0,0,,0,,,,,,,,,,,,,,,,,,,,0,1,0,0,0,0,0,0,0,0,0,0,0,,0,,,,,4
kissidougou,2014-10-01,8,88%,,,,,,,,0,,,,,,0,,0,159,,0,,,,,,,,,,,,,,,,,,,,0,3,5,0,159,7,2,5,0,0,0,0,0,,0,,,,,7
kouroussa,2014-10-01,4,100%,,,,,,,,0,,,,,,0,,0,94,,0,,,,,,,,,,,,,,,,,,,,0,2,2,0,94,4,2,2,0,0,0,0,0,,0,,,,,2
lola,2014-10-01,11,100%,,,,,9,,,0,,,,,,0,,0,0,,0,,,,,,,,,,,,,,,,,,,,0,2,0,9,0,0,2,0,0,0,9,,,,,,,,,4
macenta,2014-10-01,403,61%,,2,,,3,,15.0,0,,,,,,1038,,0,525,,1038,,,,,,,,,,,,,0,0,,,,,,9,378,16,9,1563,246,230,16,0,7,5,27,15,,12,,,,0,197
nzerekore,2014-10-01,50,64%,,,,,1,,,0,,,,,,126,,0,227,,126,,,,,,,,,,,,,,,,,,,,2,31,17,2,353,32,15,17,0,1,1,0,0,,0,,,,,16
pita,2014-10-01,8,38%,,,,,,,,0,,,,,,0,,0,140,,0,,,,,,,,,,,,,,,,,,,,0,6,1,1,140,3,2,1,0,0,0,0,0,,0,,,,,18
siguiri,2014-10-01,6,50%,,,,,,,,0,,,,,,0,,0,141,,0,,,,,,,,,,,,,,,,,,,,2,6,0,0,141,3,3,0,0,0,0,13,0,,0,,,,,9
telimele,2014-10-01,26,38%,,,,,,,,0,,,,,,0,,0,259,,0,,,,,,,,,,,,,,,,,,,,2,23,3,0,259,10,7,3,0,1,0,41,0,,0,,,,,18
totals,2014-10-01,1199,62%,25,6,2,0,28,0,15.0,0,,,,,,2595,,1,9110,,2661,,,,,,,,,,,,,25,0,,,,,,69,977,177,45,11772,739,562,177,0,35,34,1576,29,,114,,,,2832,974
yomou,2014-10-01,11,45%,,,,,,,,0,,,,,,0,,0,56,,0,,,,,,,,,,,,,,,,,,,,1,11,0,0,56,5,5,0,0,1,0,0,0,,0,,,,,4
beyla,2014-09-19,,,,,,,,,,,,,,,,,,,,,,,,,,,,,,,,,,,,,,,,,,,,,,,,,,,,,,,,,,,,
boffa,2014-09-19,24,67%,,,,,,,,0,,,,,,0,,0,397,,0,,,,,,,,,,,,,,,,,,,,0,19,5,0,397,16,11,5,0,0,0,0,0,,0,,,,,20
conakry,2014-09-19,147,46%,4,1,,,2,110,,0,,,,,,681,,0,2144,,711,,,,,,,,,,,,,12,0,,,,,,38,131,8,8,2855,68,58,8,2,18,3,452,2,,19,,,,1033,299
coyah,2014-09-19,7,71%,,,,,,,,0,,,,,,80,,0,28,,88,,,,,,,,,,,,,,,,,,,,1,7,0,0,116,5,5,0,0,0,0,0,0,,0,,,,,4
dabola,2014-09-19,4,100%,,,,,,,,0,,,,,,0,,0,69,,0,,,,,,,,,,,,,,,,,,,,0,1,3,0,69,4,1,3,0,0,0,0,0,,0,,,,,3
dalaba,2014-09-19,2,0%,,,,,,,,0,,,,,,20,,0,0,,34,,,,,,,,,,,,,,,,,,,,0,2,0,0,34,0,0,0,0,0,0,0,0,,0,,,,,1
dinguiraye,2014-09-19,1,100%,,,,,,,,0,,,,,,0,,0,0,,0,,,,,,,,,,,,,,,,,,,,0,0,1,0,0,1,0,1,0,0,0,0,0,,0,,,,,0
dubreka,2014-09-19,22,32%,,,,,,,,0,,,,,,69,,0,272,,69,,,,,,,,,,,,,,,,,,,,3,21,0,1,341,7,7,0,0,1,0,0,0,,0,,,,,19
forecariah,2014-09-19,10,70%,,,,,,,,0,,,,,,74,,0,61,,84,,,,,,,,,,,,,,,,,,,,0,9,0,1,145,7,7,0,0,0,0,0,0,,0,,,,,12
gueckedou,2014-09-19,352,84%,1,,,1,1,,,0,,,,,,236,,0,3504,,246,,,,,,,,,,,,,12,0,,,,,,9,236,111,5,3750,295,183,111,1,6,2,842,15,,35,,,,1472,259
kerouane,2014-09-19,22,18%,,,,,,,1.0,0,,,,,,137,,0,71,,137,,,,,,,,,,,,,,,,,,,,0,22,0,0,208,4,4,0,0,0,0,0,0,,0,,,,,9
kindia,2014-09-19,,,,,,,,,,,,,,,,,,,,,,,,,,,,,,,,,,,,,,,,,,,,,,,,,,,,,,,,,,,,
kissidougou,2014-09-19,8,88%,,,,,,,,0,,,,,,0,,0,159,,0,,,,,,,,,,,,,,,,,,,,0,3,5,0,159,7,2,5,0,0,0,0,0,,0,,,,,7
kouroussa,2014-09-19,4,100%,,,,,,,,0,,,,,,0,,0,94,,0,,,,,,,,,,,,,,,,,,,,0,2,2,0,94,4,2,2,0,0,0,0,0,,0,,,,,2
lola,2014-09-19,,,,,,,,,,,,,,,,,,,,,,,,,,,,,,,,,,,,,,,,,,,,,,,,,,,,,,,,,,,,
macenta,2014-09-19,292,59%,3,11,,,,72,4.0,0,,,,,,817,,0,539,,818,,,,,,,,,,,,,0,0,,,,,,9,272,12,8,1357,171,157,12,2,7,11,31,0,,28,,,,0,144
mzerekore,2014-09-19,28,71%,,,,,,,,0,,,,,,98,,1,162,,99,,,,,,,,,,,,,,,,,,,,1,17,11,0,262,20,9,11,0,1,0,0,0,,0,,,,,10
pita,2014-09-19,8,38%,,,,,,,,0,,,,,,25,,0,115,,25,,,,,,,,,,,,,,,,,,,,0,6,1,1,140,3,2,1,0,0,0,0,0,,0,,,,,18
siguiri,2014-09-19,6,50%,,,,,,,,0,,,,,,0,,0,141,,0,,,,,,,,,,,,,,,,,,,,2,6,0,0,141,3,3,0,0,0,0,13,0,,0,,,,,9
telimele,2014-09-19,26,38%,,,,,,,,0,,,,,,0,,0,259,,0,,,,,,,,,,,,,,,,,,,,2,23,3,0,259,10,7,3,0,1,0,41,0,,0,,,,,18
totals,2014-09-19,974,65%,8,12,0,1,3,182,5.0,0,,,,,,2267,,1,8036,,2346,,,,,,,,,,,,,24,0,,,,,,66,788,162,24,10383,630,463,162,5,35,16,1379,17,,82,,,,2505,838
yomou,2014-09-19,11,45%,,,,,,,,0,,,,,,30,,0,21,,35,,,,,,,,,,,,,,,,,,,,1,11,0,0,56,5,5,0,0,1,0,0,0,,0,,,,,4
beyla,2014-09-04,,,,,,,,,,,,,,,,,,,,,,,,,,,,,,,,,,,,,,,,,,,,,,,,,,,,,,,,,,,,
boffa,2014-09-04,25,64%,,,0,,,,,0,,,,,,0,,0,397,,0,,,,,,,,,,,,,,,,,,,,0,19,5,1,397,16,11,5,0,0,0,0,0,,0,,,,,19
conakry,2014-09-04,140,41%,1,,0,,,12,,0,,,,,,365,,4,1809,,443,,,,,,,,,,,,,7,0,,,,,,24,111,8,21,2256,57,47,8,2,11,0,382,6,,31,,,,860,239
coyah,2014-09-04,4,0%,,1,0,,,,,0,,,,,,0,,0,0,,0,,,,,,,,,,,,,,,,,,,,0,4,0,0,0,0,0,0,0,0,1,0,0,,0,,,,,0
dabola,2014-09-04,4,100%,,,0,,,,,0,,,,,,0,,0,69,,0,,,,,,,,,,,,,0,0,,,,,,0,1,3,0,69,4,1,4,0,0,0,0,0,,0,,,,0,3
dalaba,2014-09-04,,,,,,,,,,,,,,,,,,,,,,,,,,,,,,,,,,,,,,,,,,,,,,,,,,,,,,,,,,,,
dinguiraye,2014-09-04,1,100%,,,0,,,,,0,,,,,,0,,0,0,,0,,,,,,,,,,,,,,,,,,,,0,0,1,0,0,1,0,1,0,0,0,0,0,,0,,,,,0
dubreka,2014-09-04,21,19%,,,,,,,,0,,,,,,154,,0,0,,157,,,,,,,,,,,,,,,,,,,,4,20,0,1,157,4,4,0,0,0,0,0,0,,0,,,,,8
forecariah,2014-09-04,7,57%,,,0,,,,,0,,,,,,180,,0,35,,180,,,,,,,,,,,,,,,,,,,,0,5,0,2,215,4,4,0,0,0,0,0,0,,0,,,,,7
gueckedou,2014-09-04,336,85%,12,4,0,,1,7,1.0,0,,,,,,244,,1,3296,,247,,,,,,,,,,,,,51,0,,,,,,8,223,110,3,3543,284,174,110,0,6,5,755,9,,72,,,,1226,249
kerouane,2014-09-04,12,0%,,,0,,,,,0,,,,,,0,,0,0,,0,,,,,,,,,,,,,,,,,,,,0,10,0,2,0,0,0,0,0,0,0,0,0,,0,,,,,2
kindia,2014-09-04,,,,,,,,,,,,,,,,,,,,,,,,,,,,,,,,,,,,,,,,,,,,,,,,,,,,,,,,,,,,
kissidougou,2014-09-04,7,86%,,,0,,,,,0,,,,,,0,,0,159,,0,,,,,,,,,,,,,,,,,,,,0,2,5,0,159,6,1,5,0,0,0,0,0,,0,,,,,7
kouroussa,2014-09-04,4,100%,,,0,,,,,0,,,,,,48,,0,46,,48,,,,,,,,,,,,,,,,,,,,0,2,2,0,94,4,2,2,0,0,0,0,0,,0,,,,,1
lola,2014-09-04,,,,,,,,,,,,,,,,,,,,,,,,,,,,,,,,,,,,,,,,,,,,,,,,,,,,,,,,,,,,
macenta,2014-09-04,199,58%,,12,0,,12,,4.0,0,,,,,,575,,0,357,,759,,,,,,,,,,,,,0,0,,,,,,8,169,12,18,1062,116,103,12,1,6,24,0,0,,0,,,,0,103
mzerekore,2014-09-04,11,55%,,,,,,2,,0,,,,,,77,,0,121,,77,,,,,,,,,,,,,,,,,,,,1,10,1,0,198,6,5,1,0,1,0,0,0,,0,,,,,7
pita,2014-09-04,9,33%,,,0,,,,,0,,,,,,32,,0,108,,32,,,,,,,,,,,,,,,,,,,,0,6,1,2,140,3,2,1,0,0,0,0,0,,0,,,,,10
siguiri,2014-09-04,6,50%,,,0,,,,,0,,,,,,0,,0,141,,0,,,,,,,,,,,,,,,,,,,,2,6,0,0,141,3,3,0,0,0,0,13,0,,0,,,,,8
telimele,2014-09-04,26,38%,,,0,,,,,0,,,,,,0,,0,259,,0,,,,,,,,,,,,,,,,,,,,2,23,3,0,259,10,7,3,0,1,0,41,0,,0,,,,,18
totals,2014-09-04,823,61%,13,17,0,0,13,21,5.0,0,,,,,,1707,,5,6797,,1978,,,,,,,,,,,,,58,0,,,,,,50,621,151,51,8746,522,368,151,3,26,30,1191,15,,103,,,,249,682
yomou,2014-09-04,11,36%,,,0,,,,,0,,,,,,35,,0,0,,35,,,,,,,,,,,,,,,,,,,,1,10,0,1,56,4,4,0,0,1,0,0,0,,0,,,,,7
beyla,2014-09-08,,,,,,,,,,,,,,,,,,,,,,,,,,,,,,,,,,,,,,,,,,,,,,,,,,,,,,,,,,,,
boffa,2014-09-08,24,67%,,,,,,,,0,,,,,,0,,0,397,,0,,,,,,,,,,,,,,,,,,,,0,19,5,0,397,16,11,5,0,0,0,0,0,,0,,,,,19
conakry,2014-09-08,131,44%,1,,2,,,,,0,,,,,,531,,0,1809,,585,,,,,,,,,,,,,5,0,,,,,,28,113,8,10,2297,57,47,8,2,13,0,396,4,,22,,,,899,246
coyah,2014-09-08,6,33%,,,,,,,,0,,,,,,74,,0,0,,74,,,,,,,,,,,,,,,,,,,,0,5,0,1,74,2,2,0,0,0,0,0,0,,0,,,,,1
dabola,2014-09-08,4,100%,,,,,,,,0,,,,,,0,,0,69,,0,,,,,,,,,,,,,,,,,,,,0,1,3,0,69,4,1,3,0,0,0,0,0,,0,,,,,3
dalaba,2014-09-08,,,,,,,,,,,,,,,,,,,,,,,,,,,,,,,,,,,,,,,,,,,,,,,,,,,,,,,,,,,,
dinguiraye,2014-09-08,1,100%,,,,,,,,0,,,,,,0,,0,0,,0,,,,,,,,,,,,,,,,,,,,0,0,1,0,0,1,0,1,0,0,0,0,0,,0,,,,,0
dubreka,2014-09-08,21,19%,,,,,,,,0,,,,,,180,,0,0,,180,,,,,,,,,,,,,,,,,,,,4,21,0,0,180,4,4,0,0,0,0,0,0,,0,,,,,15
forecariah,2014-09-08,6,67%,,,,,,,,0,,,,,,72,,0,35,,123,,,,,,,,,,,,,,,,,,,,0,6,0,0,123,4,4,0,0,0,0,0,0,,0,,,,,7
gueckedou,2014-09-08,343,84%,17,,,,1,,1.0,0,,,,,,315,,0,3325,,318,,,,,,,,,,,,,28,0,,,,,,8,230,110,3,3643,289,179,110,0,6,1,774,4,,80,,,,1337,250
kerouane,2014-09-08,11,9%,,,,,,,,0,,,,,,0,,0,0,,0,,,,,,,,,,,,,,,,,,,,0,11,0,0,0,1,1,0,0,0,0,0,0,,0,,,,,3
kindia,2014-09-08,,,,,,,,,,,,,,,,,,,,,,,,,,,,,,,,,,,,,,,,,,,,,,,,,,,,,,,,,,,,
kissidougou,2014-09-08,7,86%,,,,,,,,0,,,,,,0,,0,159,,0,,,,,,,,,,,,,,,,,,,,0,2,5,0,159,6,1,5,0,0,0,0,0,,0,,,,,7
kouroussa,2014-09-08,4,100%,,,,,,,,0,,,,,,48,,0,46,,48,,,,,,,,,,,,,,,,,,,,0,2,2,0,94,4,2,2,0,0,0,0,0,,0,,,,,1
lola,2014-09-08,,,,,,,,,,,,,,,,,,,,,,,,,,,,,,,,,,,,,,,,,,,,,,,,,,,,,,,,,,,,
macenta,2014-09-08,237,60%,32,8,,,4,,3.0,0,,,,,,602,,0,357,,783,,,,,,,,,,,,,0,0,,,,,,8,209,12,16,1078,142,128,12,2,6,12,32,0,,0,,,,0,118
mzerekore,2014-09-08,14,43%,,2,,,,5,,0,,,,,,58,,0,146,,58,,,,,,,,,,,,,,,,,,,,1,13,1,0,204,6,5,1,0,1,2,0,0,,0,,,,,7
pita,2014-09-08,8,38%,,,,,,,,0,,,,,,32,,0,108,,32,,,,,,,,,,,,,,,,,,,,0,6,1,1,140,3,2,1,0,0,0,0,0,,0,,,,,12
siguiri,2014-09-08,6,50%,,,,,,,,0,,,,,,0,,0,141,,0,,,,,,,,,,,,,,,,,,,,2,6,0,0,141,3,3,0,0,0,0,13,0,,0,,,,,8
telimele,2014-09-08,26,38%,,,,,,,,0,,,,,,0,,0,259,,0,,,,,,,,,,,,,,,,,,,,2,23,3,0,259,10,7,3,0,1,0,41,0,,0,,,,,18
totals,2014-09-08,861,65%,50,11,2,0,5,5,4.0,0,,,,,,1868,,0,6851,,2162,,,,,,,,,,,,,33,0,,,,,,54,678,151,32,8840,557,402,151,4,28,16,1256,8,,102,,,,2236,714
yomou,2014-09-08,12,42%,,1,,,,,,0,,,,,,30,,0,0,,35,,,,,,,,,,,,,,,,,,,,1,11,0,1,56,5,5,0,0,1,1,0,0,,0,,,,,3
beyla,2014-09-26,1.0,,,,,,,,,0.0,,,,,,13.0,,0.0,0.0,,13.0,,,,,,,,,,,,,,,,,,,,0.0,1.0,0.0,0.0,13.0,0.0,0.0,0.0,0.0,0.0,0.0,0.0,0.0,,0.0,,,,,0.0
boffa,2014-09-26,24,67%,,,,,,,,0,,,,,,0,,0,397,,0,,,,,,,,,,,,,,,,,,,,0,19,5,0,397,16,11,5,0,0,0,0,0,,0,,,,,20
conakry,2014-09-26,180,41%,1,7,,,,,,0,,,,,,695,,0,2514,,720,,,,,,,,,,,,,16,0,,,,,,38,160,8,12,3234,73,63,8,2,18,7,519,7,,41,,,,1131,299
coyah,2014-09-26,9,56%,,,,,,,,0,,,,,,98,,1,17,,98,,,,,,,,,,,,,,,,,,,,1,9,0,0,116,5,5,0,0,0,0,0,0,,0,,,,,4
dabola,2014-09-26,4,100%,,,,,,,,0,,,,,,0,,0,69,,0,,,,,,,,,,,,,,,,,,,,0,1,3,0,69,4,1,3,0,0,0,0,0,,0,,,,,3
dalaba,2014-09-26,5,0%,,1,,,,,,0,,,,,,20,,0,0,,34,,,,,,,,,,,,,,,,,,,,0,5,0,0,34,0,0,0,0,0,1,0,0,,0,,,,,1
dinguiraye,2014-09-26,1,100%,,,,,,,,0,,,,,,0,,0,0,,0,,,,,,,,,,,,,,,,,,,,0,0,1,0,0,1,0,1,0,0,0,0,0,,0,,,,,0
dubreka,2014-09-26,21,33%,,,,,,,,0,,,,,,49,,0,292,,49,,,,,,,,,,,,,,,,,,,,3,21,0,0,341,7,7,0,0,1,0,0,0,,0,,,,,19
forecariah,2014-09-26,12,60%,,,,2,,,,0,,,,,,74,,0,61,,84,,,,,,,,,,,,,,,,,,,,0,15,11,2,145,9,7,2,0,0,2,0,0,,0,,,,,
gueckedou,2014-09-26,362,82%,8,,,,1,,,0,,,,,,180,,0,3629,,180,,,,,,,,,,,,,14,0,,,,,,9,244,111,7,3809,297,185,111,1,6,1,927,9,,61,,,,1629,259
kerouane,2014-09-26,23,22%,,1,,,,,,0,,,,,,200,,0,437,,200,,,,,,,,,,,,,,,,,,,,0,23,0,0,637,5,5,0,0,0,1,0,0,,0,,,,,9
kindia,2014-09-26,1.0,0.0,,,,,,,,0.0,,,,,,0.0,,0.0,0.0,,0.0,,,,,,,,,,,,,,,,,,,,0.0,1.0,0.0,0.0,0.0,0.0,0.0,0.0,0.0,0.0,0.0,0.0,0.0,,0.0,,,,,0.0
kissidougou,2014-09-26,8,88%,,,,,,,,0,,,,,,0,,0,159,,0,,,,,,,,,,,,,,,,,,,,0,3,5,0,159,7,2,5,0,0,0,0,0,,0,,,,,7
kouroussa,2014-09-26,4,100%,,,,,,,,0,,,,,,0,,0,94,,0,,,,,,,,,,,,,,,,,,,,0,2,2,0,94,4,2,2,0,0,0,0,0,,0,,,,,2
lola,2014-09-26,,,,,,,,,,,,,,,,,,,,,,,,,,,,,,,,,,,,,,,,,,,,,,,,,,,,,,,,,,,,
macenta,2014-09-26,357,54%,,1,,,1,31,5.0,0,,,,,,1131,,0,297,,1139,,,,,,,,,,,,,0,0,,,,,,9,335,12,10,1436,193,179,12,2,7,2,0,0,,0,,,,0,144
mzerekore,2014-09-26,37,70%,,,,5,,2,,0,,,,,,138,,0,185,,139,,,,,,,,,,,,,,,,,,,,2,21,16,0,324,26,10,16,0,1,5,0,0,,0,,,,,10
pita,2014-09-26,8,38%,,,,,,,,0,,,,,,0,,0,140,,0,,,,,,,,,,,,,,,,,,,,0,6,1,1,140,3,2,1,0,0,0,0,0,,0,,,,,18
siguiri,2014-09-26,6,50%,,,,,,,,0,,,,,,0,,0,141,,0,,,,,,,,,,,,,,,,,,,,2,6,0,0,141,3,3,0,0,0,0,13,0,,0,,,,,9
telimele,2014-09-26,26,38%,,,,,,,,0,,,,,,0,,0,259,,0,,,,,,,,,,,,,,,,,,,,2,23,3,0,259,10,7,3,0,1,0,41,0,,0,,,,,18
totals,2014-09-26,1103,61%,9,10,0,7,2,33,5.0,0,,,,,,2598,,1,8747,,2656,,,,,,,,,,,,,30,0,,,,,,67,902,169,32,11404,668,668,494,169,35,19,1500,16,,102,,,,2760,838
yomou,2014-09-26,11,45%,,,,,,,,0,,,,,,0,,0,56,,0,,,,,,,,,,,,,,,,,,,,1,11,0,0,56,5,5,0,0,1,0,0,0,,0,,,,,4
beyla,2014-09-30,2.0,,,,,,,14.0,,0.0,,,,,,29.0,,0.0,0.0,,29.0,,,,,,,,,,,,,,,,,,,,0.0,2.0,0.0,0.0,29.0,0.0,1.0,0.0,,0.0,0.0,0.0,0.0,,0.0,,,,,0.0
boffa,2014-09-30,24,67%,,,,,,,,0,,,,,,0,,0,397,,0,,,,,,,,,,,,,,,,,,,,0,19,5,0,397,16,11,5,,0,0,0,0,,0,,,,,20
conakry,2014-09-30,185,41%,2,,,,,,1.0,0,,,,,,752,,0,2500,,773,,,,,,,,,,,,,5,0,,,,,,38,166,10,9,3273,76,66,10,,18,0,553,5,,37,,,,1155,347
coyah,2014-09-30,12,42%,,1,,,,,,0,,,,,,98,,1,17,,98,,,,,,,,,,,,,,,,,,,,1,12,0,0,116,5,5,0,,0,1,0,0,,0,,,,,6
dabola,2014-09-30,4,100%,,,,,,,,0,,,,,,0,,0,69,,0,,,,,,,,,,,,,,,,,,,,0,1,3,0,69,4,1,3,,0,0,0,0,,0,,,,,3
dalaba,2014-09-30,6,0%,,,,,,,,0,,,,,,20,,0,0,,34,,,,,,,,,,,,,,,,,,,,0,6,0,0,34,0,0,0,,0,0,0,0,,0,,,,,1
dinguiraye,2014-09-30,1,100%,,,,,,,,0,,,,,,0,,0,0,,0,,,,,,,,,,,,,,,,,,,,0,0,1,0,0,1,0,1,,0,0,0,0,,0,,,,,0
dubreka,2014-09-30,21,33%,,,,,,,,0,,,,,,49,,0,292,,49,,,,,,,,,,,,,,,,,,,,3,21,0,0,341,7,7,0,,1,0,0,0,,0,,,,,20
forecariah,2014-09-30,16,56%,,,,,,6,,0,,,,,,146,,0,61,,151,,,,,,,,,,,,,,,,,,,,0,11,2,3,212,9,7,2,,0,0,0,0,,0,,,,,13
gueckedou,2014-09-30,361,83%,6,1,,,1,,1.0,0,,,,,,140,,0,3629,,140,,,,,,,,,,,,,14,0,,,,,,9,245,112,4,3809,300,188,112,,6,2,914,8,,48,,,,1652,266
kerouane,2014-09-30,23,22%,,,,,,,,0,,,,,,194,,0,480,,194,,,,,,,,,,,,,,,,,,,,0,23,0,0,674,5,5,0,,0,0,0,0,,0,,,,,9
kindia,2014-09-30,1.0,0.0,,,,,,,,0.0,,,,,,0.0,,0.0,0.0,,0.0,,,,,,,,,,,,,,,,,,,,0.0,1.0,0.0,0.0,0.0,0.0,0.0,0.0,,0.0,0.0,0.0,0.0,,0.0,,,,,4.0
kissidougou,2014-09-30,8,88%,,,,,,,,0,,,,,,0,,0,159,,0,,,,,,,,,,,,,,,,,,,,0,3,5,0,159,7,2,5,,0,0,0,0,,0,,,,,7
kouroussa,2014-09-30,4,100%,,,,,,,,0,,,,,,0,,0,94,,0,,,,,,,,,,,,,,,,,,,,0,2,2,0,94,4,2,2,,0,0,0,0,,0,,,,,2
lola,2014-09-30,,,,,,,,,,,,,,,,,,,,,,,,,,,,,,,,,,,,,,,,,,,,,,,,,,,,,,,,,,,,
macenta,2014-09-30,400,57%,,7,,,,,1.0,0,,,,,,1030,,0,525,,1038,,,,,,,,,,,,,0,0,,,,,,9,377,16,7,1563,229,213,16,,7,7,27,0,,27,,,,0,193
mzerekore,2014-09-30,50,58%,,2,,,3,,1.0,0,,,,,,149,,0,202,,151,,,,,,,,,,,,,,,,,,,,2,26,15,9,353,29,14,15,,1,5,0,0,,0,,,,,11
pita,2014-09-30,8,38%,,,,,,,,0,,,,,,0,,0,140,,0,,,,,,,,,,,,,,,,,,,,0,6,1,1,140,3,2,1,,0,0,0,0,,0,,,,,18
siguiri,2014-09-30,6,50%,,,,,,,,0,,,,,,0,,0,141,,0,,,,,,,,,,,,,,,,,,,,2,6,0,0,141,3,3,0,,0,0,13,0,,0,,,,,9
telimele,2014-09-30,26,38%,,,,,,,,0,,,,,,0,,0,259,,0,,,,,,,,,,,,,,,,,,,,2,23,3,0,259,10,7,3,,1,0,41,0,,0,,,,,18
totals,2014-09-30,1169,61%,8,11,0,0,4,20,4.0,0,,,,,,2615,,1,9021,,2657,,,,,,,,,,,,,19,0,,,,,,67,961,175,33,11719,714,539,175,,35,15,1548,13,,112,,,,2807,951
yomou,2014-09-30,11,45%,,,,,,,,0,,,,,,0,,0,56,,0,,,,,,,,,,,,,,,,,,,,1,11,0,0,56,5,5,0,,1,0,0,0,,0,,,,,4
beyla,2014-09-23,0.0,,,,,,,,,,,,,,,,,,,,,,,,,,,,,,,,,,,,,,,,,,,,,,,,,,,,,,,,,,,
boffa,2014-09-23,24,67%,,,,,,,,0,,,,,,0,,0,397,,0,,,,,,,,,,,,,,,,,,,,0,19,5,0,397,16,11,5,0,0,0,0,0,,0,,,,,20
conakry,2014-09-23,161,44%,8,3,,,2,26,,0,,,,,,756,,0,2193,,801,,,,,,,,,,,,,13,0,,,,,,38,139,8,14,2994,71,61,8,2,18,5,497,1,,29,,,,1079,299
coyah,2014-09-23,9,56%,,,,,,,,0,,,,,,98,,1,17,,98,,,,,,,,,,,,,,,,,,,,1,9,0,0,116,5,5,0,0,0,0,0,0,,0,,,,,4
dabola,2014-09-23,4,100%,,,,,,,,0,,,,,,0,,0,69,,0,,,,,,,,,,,,,,,,,,,,0,1,3,0,69,4,1,3,0,0,0,0,0,,0,,,,,3
dalaba,2014-09-23,2,0%,,,,,,,,0,,,,,,20,,0,0,,34,,,,,,,,,,,,,,,,,,,,0,2,0,0,34,0,0,0,0,0,0,0,0,,0,,,,,1
dinguiraye,2014-09-23,1,100%,,,,,,,,0,,,,,,0,,0,0,,0,,,,,,,,,,,,,,,,,,,,0,0,1,0,0,1,0,1,0,0,0,0,0,,0,,,,,0
dubreka,2014-09-23,21,33%,,,,,,,,0,,,,,,49,,0,292,,49,,,,,,,,,,,,,,,,,,,,3,21,0,0,341,7,7,0,0,1,0,0,0,,0,,,,,19
forecariah,2014-09-23,12,58%,,2,,,,,,0,,,,,,74,,0,61,,84,,,,,,,,,,,,,,,,,,,,0,11,0,1,145,7,7,0,0,0,2,0,0,,0,,,,,12
gueckedou,2014-09-23,358,82%,9,2,,,1,30,,0,,,,,,195,,0,3595,,202,,,,,,,,,,,,,23,0,,,,,,9,241,111,6,3797,295,183,111,1,6,3,895,9,,51,,,,1586,259
kerouane,2014-09-23,22,23%,,,,,,,,0,,,,,,144,,0,71,,144,,,,,,,,,,,,,,,,,,,,0,22,0,0,215,5,5,0,0,0,0,0,0,,0,,,,,9
kindia,2014-09-23,1,0%,,,,,,,,0,,,,,,0,,0,0,,0,,,,,,,,,,,,,,,,,,,,0,1,0,0,0,0,0,0,0,0,0,0,0,,0,,,,,0
kissidougou,2014-09-23,8,88%,,,,,,,,0,,,,,,0,,0,159,,0,,,,,,,,,,,,,,,,,,,,0,3,5,0,159,7,2,5,0,0,0,0,0,,0,,,,,7
kouroussa,2014-09-23,4,100%,,,,,,,,0,,,,,,0,,0,94,,0,,,,,,,,,,,,,,,,,,,,0,2,2,0,94,4,2,2,0,0,0,0,0,,0,,,,,2
lola,2014-09-23,,,,,,,,,,,,,,,,,,,,,,,,,,,,,,,,,,,,,,,,,,,,,,,,,,,,,,,,,,,,
macenta,2014-09-23,338,53%,,17,,,,,3.0,0,,,,,,555,,0,539,,831,,,,,,,,,,,,,0,0,,,,,,9,317,12,9,1370,180,166,12,2,7,17,19,0,,19,,,,0,144
mzerekore,2014-09-23,32,63%,,1,,,1,8,,0,,,,,,83,,1,84,,84,,,,,,,,,,,,,,,,,,,,2,20,11,1,264,20,9,11,0,1,2,0,0,,0,,,,,10
pita,2014-09-23,8,38%,,,,,,,,0,,,,,,0,,0,140,,0,,,,,,,,,,,,,,,,,,,,0,6,1,1,140,3,2,1,0,0,0,0,0,,0,,,,,18
siguiri,2014-09-23,6,50%,,,,,,,,0,,,,,,0,,0,141,,0,,,,,,,,,,,,,,,,,,,,2,6,0,0,141,3,3,0,0,0,0,13,0,,0,,,,,9
telimele,2014-09-23,26,38%,,,,,,,,0,,,,,,0,,0,259,,0,,,,,,,,,,,,,,,,,,,,2,23,3,0,259,10,7,3,0,1,0,41,0,,0,,,,,18
totals,2014-09-23,1048,61%,17,25,0,0,4,64,3.0,0,,,,,,2004,,4,8132,,2362,,,,,,,,,,,,,36,0,,,,,,67,854,162,32,10591,643,476,162,5,35,29,1465,10,,99,,,,2665,838
yomou,2014-09-23,11,45%,,,,,,,,0,,,,,,30,,2,21,,35,,,,,,,,,,,,,,,,,,,,1,11,0,0,56,5,5,0,0,1,0,0,0,,0,,,,,4
