date,region,cumulative (confirmed + probable + suspects),fatality rate for confirmed and probables,new admits to cte so far,new cases of confirmed,new cases of confirmed among health workers,new cases of probables,new cases of suspects,new contacts registered so far,new deaths registered,new deaths registered among health workers,new deaths registered today,new deaths registered today (confirmed),new deaths registered today (probables),new deaths registered today (suspects),number of confirmed cases among health workers,number of contacts followed today,number of contacts followed yesterday,number of contacts lost to follow up,number of contacts out of the track 21 days,number of contacts out of track,number of contacts to follow today,number of death of confirmed cases among health workers,number of deaths of confirmed cases among health workers,number of deaths of probables cases among health workers,number of female confirmed cases,number of female probables cases,number of female suspects cases,number of male confirmed cases,number of male probables cases,number of male suspects cases,number of patients tested,number of probables cases among health workers,number of samples collected,number of samples collected today,number of samples under test,number of suspects cases among health workers,total pec center today,total pec center today (confirmed),total pec center today (probables),total pec center today (suspects),total case of confirmed among health workers,total cases of confirmed,total cases of probables,total cases of suspects,total contacts registered from start date,total deaths (confirmed + probables + suspects),total deaths of confirmed,total deaths of probables,total deaths of suspects,total deaths registered among health workers,total new cases registered so far,total number of admissions to cte,total number of exits from cte,total number of female cases,total number of hospitalized cases in cte,total number of male cases,total of cured in confirmed cases in cte,total of deaths in confirmed cases in cte,total samples tested,total suspected non-class cases,$deaths,$new_cases
2014-08-04,boffa,23.0,,,0.0,,0.0,0.0,,,,0.0,0.0,0.0,0.0,0.0,,0.0,,,397.0,0.0,0.0,0.0,0.0,8.0,2.0,0.0,10.0,3.0,0.0,,0.0,,,,0.0,0.0,0.0,0.0,0.0,,18.0,5.0,0.0,397.0,16.0,11.0,5.0,0.0,,0.0,,,10.0,,13.0,7.0,6.0,,,11.0,18.0
2014-08-04,conakry,95.0,,,1.0,,0.0,5.0,,,,0.0,0.0,0.0,0.0,16.0,,331.0,,,1242.0,350.0,0.0,10.0,1.0,30.0,4.0,4.0,48.0,4.0,5.0,,1.0,,,,0.0,21.0,10.0,0.0,11.0,,78.0,8.0,9.0,1592.0,42.0,32.0,8.0,2.0,,6.0,,,38.0,,57.0,34.0,20.0,,,32.0,78.0
2014-08-04,dabola,4.0,,,0.0,,0.0,0.0,,,,0.0,0.0,0.0,0.0,0.0,,0.0,,,69.0,0.0,0.0,0.0,0.0,0.0,2.0,0.0,1.0,1.0,0.0,,0.0,,,,0.0,0.0,0.0,0.0,0.0,,1.0,3.0,0.0,69.0,4.0,1.0,3.0,0.0,,0.0,,,2.0,,2.0,0.0,0.0,,,1.0,1.0
2014-08-04,dinguiraye,1.0,,,0.0,,0.0,0.0,,,,0.0,0.0,0.0,0.0,0.0,,0.0,,,0.0,0.0,0.0,0.0,0.0,0.0,1.0,0.0,0.0,0.0,0.0,,0.0,,,,0.0,0.0,0.0,0.0,0.0,,0.0,1.0,0.0,0.0,1.0,0.0,1.0,0.0,,0.0,,,1.0,,0.0,0.0,0.0,,,0.0,0.0
2014-08-04,dubreka,0.0,,,0.0,,0.0,0.0,,,,0.0,0.0,0.0,0.0,0.0,,0.0,,,118.0,0.0,0.0,0.0,0.0,0.0,0.0,0.0,0.0,0.0,0.0,,0.0,,,,0.0,0.0,0.0,0.0,0.0,,0.0,0.0,0.0,118.0,0.0,0.0,0.0,0.0,,0.0,,,0.0,,0.0,0.0,0.0,,,0.0,0.0
2014-08-04,gueckedou,285.0,,,3.0,,0.0,0.0,,,,2.0,2.0,0.0,0.0,3.0,,200.0,,,2848.0,201.0,0.0,1.0,4.0,116.0,61.0,2.0,72.0,34.0,0.0,,4.0,,,,0.0,8.0,6.0,0.0,2.0,,188.0,95.0,2.0,3049.0,247.0,152.0,95.0,0.0,,3.0,,,179.0,,106.0,30.0,95.0,,,152.0,188.0
2014-08-04,kissidougou,6.0,,,0.0,,0.0,0.0,,,,0.0,0.0,0.0,0.0,0.0,,0.0,,,159.0,0.0,0.0,0.0,0.0,1.0,3.0,0.0,1.0,1.0,0.0,,0.0,,,,0.0,0.0,0.0,0.0,0.0,,2.0,4.0,0.0,158.0,5.0,1.0,4.0,0.0,,0.0,,,4.0,,2.0,1.0,1.0,,,1.0,2.0
2014-08-04,kouroussa,4.0,,,0.0,,0.0,0.0,,,,0.0,0.0,0.0,0.0,0.0,,37.0,,,16.0,37.0,0.0,0.0,0.0,1.0,0.0,0.0,1.0,2.0,0.0,,0.0,,,,0.0,0.0,0.0,0.0,0.0,,2.0,2.0,0.0,53.0,3.0,1.0,2.0,0.0,,0.0,,,1.0,,3.0,0.0,0.0,,,1.0,2.0
2014-08-04,macenta,39.0,,,0.0,,0.0,0.0,,,,0.0,0.0,0.0,0.0,1.0,,44.0,,,384.0,46.0,0.0,1.0,2.0,14.0,6.0,0.0,14.0,5.0,0.0,,2.0,,,,0.0,0.0,0.0,0.0,0.0,,28.0,11.0,0.0,430.0,29.0,18.0,11.0,0.0,,0.0,,,20.0,,19.0,8.0,10.0,,,18.0,28.0
2014-08-04,nzerekore,4.0,,,0.0,,0.0,0.0,,,,0.0,0.0,0.0,0.0,0.0,,0.0,,,0.0,69.0,0.0,0.0,0.0,2.0,0.0,0.0,2.0,0.0,0.0,,0.0,,,,0.0,0.0,0.0,0.0,0.0,,4.0,0.0,0.0,69.0,1.0,1.0,0.0,0.0,,0.0,,,2.0,,2.0,0.0,0.0,,,1.0,4.0
2014-08-04,pita,2.0,,,0.0,,0.0,0.0,,,,0.0,0.0,0.0,0.0,0.0,,26.0,,,15.0,26.0,0.0,0.0,0.0,1.0,0.0,0.0,0.0,1.0,0.0,,0.0,,,,0.0,0.0,0.0,0.0,0.0,,1.0,1.0,0.0,41.0,2.0,1.0,1.0,0.0,,0.0,,,1.0,,1.0,0.0,0.0,,,1.0,1.0
2014-08-04,siguiri,6.0,,,0.0,,0.0,0.0,,,,0.0,0.0,0.0,0.0,2.0,,134.0,,,6.0,135.0,0.0,0.0,0.0,0.0,0.0,0.0,6.0,0.0,2.0,,0.0,,,,2.0,2.0,2.0,0.0,0.0,,6.0,0.0,0.0,141.0,3.0,3.0,0.0,0.0,,0.0,,,0.0,,8.0,0.0,2.0,,,3.0,6.0
2014-08-04,telimele,26.0,,,0.0,,0.0,0.0,,,,0.0,0.0,0.0,0.0,1.0,,0.0,,,259.0,0.0,0.0,0.0,1.0,17.0,2.0,0.0,6.0,1.0,0.0,,1.0,,,,0.0,0.0,0.0,0.0,0.0,,23.0,3.0,0.0,259.0,10.0,7.0,3.0,0.0,,0.0,,,19.0,,7.0,9.0,5.0,,,7.0,23.0
2014-08-26,beyla,,,,,,,,,,,,,,,,,,,,,,,,,,,,,,,,,,,,,,,,,,,,,,,,,,,,,,,,,,,,,,
2014-08-26,boffa,24,0.67,0,,0,,,0,0,0,,,,,,0,,0,397,,0,,,,,,,,,,,,,,,,,,,,0,19.0,5,0,397,34,11.0,5,0,0,,0,0,,0,,,,,18,0.0,1.0
2014-08-26,conakry,114,0.42,3,,0,,,53,0,0,,,,,,260,,0,1725,,266,,,,,,,,,,,,,9,0,,,,,,22,98.0,8,8,1925,243,38.0,8,2,11,,307,2,,27,,,,723,195,6.0,20.0
2014-08-26,coyah,,,,,,,,,,,,,,,,,,,,,,,,,,,,,,,,,,,,,,,,,,,,,,,,,,,,,,,,,,,,,,
2014-08-26,dabola,4,1.0,0,,0,,,0,0,0,,,,,,0,,0,69,,0,,,,,,,,,,,,,,,,,,,,0,1.0,3,0,69,5,1.0,3,0,0,,0,0,,0,,,,,1,0.0,0.0
2014-08-26,dalaba,,,,,,,,,,,,,,,,,,,,,,,,,,,,,,,,,,,,,,,,,,,,,,,,,,,,,,,,,,,,,,
2014-08-26,dinguiraye,1,1.0,0,,0,,,0,0,0,,,,,,0,,0,0,,0,,,,,,,,,,,,,,,,,,,,0,0.0,1,0,0,1,0.0,1,0,0,,0,0,,0,,,,,0,0.0,0.0
2014-08-26,dubreka,8,0.13,0,1,0,,,0,0,0,,,,,,114,,0,0,,114,,,,,,,,,,,,,,,,,,,,1,8.0,0,0,116,3,1.0,0,0,0,1,0,0,,0,,,,,2,1.0,8.0
2014-08-26,forecariah,,,,,,,,,,,,,,,,,,,,,,,,,,,,,,,,,,,,,,,,,,,,,,,,,,,,,,,,,,,,,,
2014-08-26,gueckedou,312,0.86,19,1,0,,1,0,0,0,,,,,,222,,1,3058,,223,,,,,,,,,,,,,46,0,,,,,,7,207.0,101,4,3332,459,166.0,101,0,5,2,638,4,,60,,,,977,192,14.0,19.0
2014-08-26,kerouane,,,,,,,,,,,,,,,,,,,,,,,,,,,,,,,,,,,,,,,,,,,,,,,,,,,,,,,,,,,,,,
2014-08-26,kindia,,,,,,,,,,,,,,,,,,,,,,,,,,,,,,,,,,,,,,,,,,,,,,,,,,,,,,,,,,,,,,
2014-08-26,kissidougou,6,0.83,0,,0,,,0,0,0,,,,,,0,,0,159,,0,,,,,,,,,,,,,,,,,,,,0,2.0,4,0,159,13,1.0,4,0,0,,0,0,,0,,,,,8,0.0,0.0
2014-08-26,kouroussa,4,1.0,0,,0,,,0,0,0,,,,,,48,,0,46,,48,,,,,,,,,,,,,,,,,,,,0,2.0,2,0,94,5,2.0,2,0,0,,0,0,,0,,,,,1,1.0,0.0
2014-08-26,lola,,,,,,,,,,,,,,,,,,,,,,,,,,,,,,,,,,,,,,,,,,,,,,,,,,,,,,,,,,,,,,
2014-08-26,macenta,124,0.51,0,5,0,,12,81,2,0,,,,,,246,,0,434,,246,,,,,,,,,,,,,0,0,,,,,,9,99.0,12,13,680,128,51.0,12,0,7,17,0,0,,0,,,,0,63,33.0,71.0
2014-08-26,mzerekore,12,0.5,0,,0,,1,3,0,0,,,,,,53,,1,110,,54,,,,,,,,,,,,,,,,,,,,1,10.0,1,1,170,12,5.0,1,0,1,1,0,0,,0,,,,,6,5.0,10.0
2014-08-26,pita,6,0.5,0,,0,,,0,0,0,,,,,,92,,5,40,,97,,,,,,,,,,,,,,,,,,,,0,5.0,1,0,137,10,2.0,1,0,0,,0,0,,0,,,,,7,1.0,4.0
2014-08-26,siguiri,6,0.5,0,,0,,,0,0,0,,,,,,0,,0,141,,0,,,,,,,,,,,,,,,,,,,,2,6.0,0,0,141,10,3.0,0,0,0,,13,0,,0,,,,,7,0.0,0.0
2014-08-26,telimele,26,0.38,0,,0,,,0,0,0,,,,,,0,,0,259,,0,,,,,,,,,,,,,,,,,,,,2,23.0,3,0,259,28,7.0,3,0,1,,41,0,,0,,,,,18,0.0,0.0
2014-08-26,yomou,14,0.29,0,3,0,,4,0,3,0,,,,,,35,,2,0,,37,,,,,,,,,,,,,,,,,,,,1,10.0,0,4,42,7,4.0,0,0,1,7,0,0,,0,,,,,0,4.0,10.0
2014-08-27,beyla,,,,,,,,,,,,,,,,,,,,,,,,,,,,,,,,,,,,,,,,,,,,,,,,,,,,,,,,,,,,,,
2014-08-27,boffa,,,,0.0,,0.0,0.0,,,,,,,,,,,,,,,,,,,,,,,,,,,,,,,,,,,,,0.0,,,,,,,0.0,,,,,,,,,,0.0,0.0
2014-08-27,conakry,118,0.42,5,4,0,0,0,9,0,0,,,,,,204,,0,1725,,204,,,,,,,,,,,,,12,0,,,,,,22,102.0,8,8,1934,49,39.0,8,2,11,4,307,6,,26,,,,742,195,1.0,4.0
2014-08-27,coyah,,,,,,,,,,,,,,,,,,,,,,,,,,,,,,,,,,,,,,,,,,,,,,,,,,,,,,,,,,,,,,
2014-08-27,dabola,4,1.0,0,0,0,0,0,0,0,0,,,,,,0,,0,69,,0,,,,,,,,,,,,,,,,,,,,0,1.0,3,0,69,4,1.0,3,0,0,0,0,0,,0,,,,,1,0.0,0.0
2014-08-27,dalaba,,,,,,,,,,,,,,,,,,,,,,,,,,,,,,,,,,,,,,,,,,,,,,,,,,,,,,,,,,,,,,
2014-08-27,dinguiraye,1,1.0,0,0,0,0,0,0,0,0,,,,,,0,,0,0,,0,,,,,,,,,,,,,,,,,,,,0,0.0,1,0,0,1,0.0,1,0,0,0,0,0,,0,,,,,0,0.0,0.0
2014-08-27,dubreka,,,,1.0,,0.0,0.0,,,,,,,,,,,,,,,,,,,,,,,,,,,,,,,,,,,,,0.0,,,,,,,1.0,,,,,,,,,,0.0,0.0
2014-08-27,forecariah,,,,,,,,,,,,,,,,,,,,,,,,,,,,,,,,,,,,,,,,,,,,,,,,,,,,,,,,,,,,,,
2014-08-27,gueckedou,313,0.86,7,0,0,0,3,86,0,0,,,,,,300,,2,3116,,302,,,,,,,,,,,,,46,0,,,,,,7,207.0,102,4,3418,268,166.0,102,0,5,3,638,8,,54,,,,977,192,0.0,0.0
2014-08-27,kerouane,,,,,,,,,,,,,,,,,,,,,,,,,,,,,,,,,,,,,,,,,,,,,,,,,,,,,,,,,,,,,,
2014-08-27,kindia,,,,,,,,,,,,,,,,,,,,,,,,,,,,,,,,,,,,,,,,,,,,,,,,,,,,,,,,,,,,,,
2014-08-27,kissidougou,7,0.86,0,0,0,0,0,0,0,0,,,,,,0,,0,159,,0,,,,,,,,,,,,,,,,,,,,0,2.0,5,0,159,6,1.0,5,0,0,0,0,0,,0,,,,,8,0.0,0.0
2014-08-27,kouroussa,,,,0.0,,0.0,0.0,,,,,,,,,,,,,,,,,,,,,,,,,,,,,,,,,,,,,0.0,,,,,,,0.0,,,,,,,,,,0.0,0.0
2014-08-27,lola,,,,,,,,,,,,,,,,,,,,,,,,,,,,,,,,,,,,,,,,,,,,,,,,,,,,,,,,,,,,,,
2014-08-27,macenta,122,0.52,0,5,0,0,7,24,2,0,,,,,,359,,1,434,,360,,,,,,,,,,,,,0,0,,,,,,9,103.0,11,8,680,64,53.0,11,0,7,12,0,0,,0,,,,0,63,2.0,4.0
2014-08-27,nzerekore,,,,0.0,,0.0,1.0,,,,,,,,,,,,,,,,,,,,,,,,,,,,,,,,,,,,,1.0,,,,,,,1.0,,,,,,,,,,0.0,0.0
2014-08-27,pita,,,,0.0,,0.0,0.0,,,,,,,,,,,,,,,,,,,,,,,,,,,,,,,,,,,,,0.0,,,,,,,0.0,,,,,,,,,,0.0,0.0
2014-08-27,siguiri,,,,0.0,,0.0,0.0,,,,,,,,,,,,,,,,,,,,,,,,,,,,,,,,,,,,,0.0,,,,,,,0.0,,,,,,,,,,0.0,0.0
2014-08-27,telimele,26,0.38,0,0,0,0,0,0,0,0,,,,,,0,,0,259,,0,,,,,,,,,,,,,,,,,,,,2,23.0,3,0,259,10,7.0,3,0,1,0,41,0,,0,,,,,18,0.0,0.0
2014-08-27,yomou,,,,0.0,,0.0,1.0,,,,,,,,,,,,,,,,,,,,,,,,,,,,,,,,,,,,,1.0,,,,,,,1.0,,,,,,,,,,0.0,0.0
2014-08-30,beyla,,,,,,,,,,,,,,,,,,,,,,,,,,,,,,,,,,,,,,,,,,,,,,,,,,,,,,,,,,,,,,
2014-08-30,boffa,25,0.64,0,,0,,,0,,0,,,,,,0,,0,46,,0,,,,,,,,,,,,,,,,,,,,0,19.0,5,1,397,16,11.0,5,0,0,0,0,0,,0,,,,,18,0.0,0.0
2014-08-30,conakry,126,0.44,5,2,0,,,0,1,0,,,,,,253,,0,1727,,253,,,,,,,,,,,,,24,0,,,,,,24,109.0,8,9,1986,55,45.0,8,2,11,2,347,21,,27,,,,800,197,6.0,7.0
2014-08-30,coyah,,,,,,,,,,,,,,,,,,,,,,,,,,,,,,,,,,,,,,,,,,,,,,,,,,,,,,,,,,,,,,
2014-08-30,dabola,4,1.0,0,,0,,,0,,0,,,,,,0,,0,69,,0,,,,,,,,,,,,,,,,,,,,0,1.0,3,0,69,4,1.0,3,0,0,0,0,0,,0,,,,,1,0.0,0.0
2014-08-30,dalaba,,,,,,,,,,,,,,,,,,,,,,,,,,,,,,,,,,,,,,,,,,,,,,,,,,,,,,,,,,,,,,
2014-08-30,dinguiraye,1,1.0,0,,0,,,0,,0,,,,,,0,,0,259,,0,,,,,,,,,,,,,,,,,,,,0,0.0,1,0,0,1,0.0,1,0,0,0,0,0,,0,,,,,0,0.0,0.0
2014-08-30,dubreka,14,0.14,0,,0,,,0,,0,,,,,,154,,3,0,,157,,,,,,,,,,,,,,,,,,,,4,13.0,0,1,157,2,2.0,0,0,0,0,0,0,,0,,,,,5,1.0,5.0
2014-08-30,forecariah,7,0.43,0,,0,,,0,,0,,,,,,0,,0,,,0,,,,,,,,,,,,,,,,,,,,0,5.0,0,2,0,3,3.0,0,0,0,0,0,0,,0,,,,,6,3.0,5.0
2014-08-30,gueckedou,317,0.85,4,3,0,,2,0,1,0,,,,,,221,,0,3116,,223,,,,,,,,,,,,,17,0,,,,,,8,211.0,102,4,3418,271,169.0,102,0,6,5,693,12,,55,,,,1058,205,3.0,4.0
2014-08-30,kerouane,,,,,,,,,,,,,,,,,,,,,,,,,,,,,,,,,,,,,,,,,,,,,,,,,,,,,,,,,,,,,,
2014-08-30,kindia,,,,,,,,,,,,,,,,,,,,,,,,,,,,,,,,,,,,,,,,,,,,,,,,,,,,,,,,,,,,,,
2014-08-30,kissidougou,7,0.86,0,,0,,,0,,0,,,,,,0,,0,159,,0,,,,,,,,,,,,,,,,,,,,0,2.0,5,0,159,6,1.0,5,0,0,0,0,0,,0,,,,,7,0.0,0.0
2014-08-30,kouroussa,4,1.0,0,,0,,,0,,0,,,,,,8,,0,141,,48,,,,,,,,,,,,,,,,,,,,0,2.0,2,0,94,4,2.0,2,0,0,0,0,0,,0,,,,,1,0.0,0.0
2014-08-30,lola,,,,,,,,,,,,,,,,,,,,,,,,,,,,,,,,,,,,,,,,,,,,,,,,,,,,,,,,,,,,,,
2014-08-30,macenta,142,0.56,0,4,0,,12,0,2,0,,,,,,293,,64,434,,357,,,,,,,,,,,,,0,0,,,,,,8,117.0,11,14,680,80,69.0,11,0,6,16,0,0,,0,,,,0,74,16.0,14.0
2014-08-30,nzerekore,11,0.55,0,,0,,,13,,0,,,,,,77,,2,0,,79,,,,,,,,,,,,,,,,,,,,1,10.0,1,0,195,6,5.0,1,0,1,0,0,0,,0,,,,,7,4.0,6.0
2014-08-30,pita,6,0.67,0,,0,,,0,,0,,,,,,92,,5,116,,97,,,,,,,,,,,,,,,,,,,,0,5.0,1,0,137,4,3.0,1,0,0,0,0,0,,0,,,,,10,1.0,0.0
2014-08-30,siguiri,6,0.5,0,,0,,,0,,0,,,,,,0,,0,40,,0,,,,,,,,,,,,,,,,,,,,2,6.0,0,0,141,3,3.0,0,0,0,0,13,0,,0,,,,,8,0.0,0.0
2014-08-30,telimele,26,0.38,0,,0,,,0,,0,,,,,,0,,0,397,,0,,,,,,,,,,,,,,,,,,,,2,23.0,3,0,259,10,7.0,3,0,1,0,41,0,,0,,,,,18,0.0,0.0
2014-08-30,yomou,11,0.27,0,,0,,1,0,,0,,,,,,35,,2,0,,37,,,,,,,,,,,,,,,,,,,,1,10.0,0,1,42,3,3.0,0,0,1,1,0,0,,0,,,,,3,0.0,0.0
2014-08-31,beyla,,,,,,,,,,,,,,,,,,,,,,,,,,,,,,,,,,,,,,,,,,,,,,,,,,,,,,,,,,,,,,
2014-08-31,boffa,25,0.64,0,,0,,,0,,0,,,,,,0,,0,397,,0,,,,,,,,,,,,,,,,,,,,0,19.0,5,1,397,16,11.0,5,0,0,0,0,0,,0,,,,,19,0.0,0.0
2014-08-31,conakry,128,0.43,9,1,0,,1,0,,0,,,,,,253,,0,1727,,253,,,,,,,,,,,,,17,0,,,,,,24,110.0,8,10,1986,55,45.0,8,2,11,2,356,1,,35,,,,817,228,0.0,1.0
2014-08-31,coyah,,,,,,,,,,,,,,,,,,,,,,,,,,,,,,,,,,,,,,,,,,,,,,,,,,,,,,,,,,,,,,
2014-08-31,dabola,4,1.0,0,,0,,,0,,0,,,,,,0,,0,69,,0,,,,,,,,,,,,,,,,,,,,0,1.0,3,0,69,4,1.0,3,0,0,0,0,0,,0,,,,,1,0.0,0.0
2014-08-31,dalaba,,,,,,,,,,,,,,,,,,,,,,,,,,,,,,,,,,,,,,,,,,,,,,,,,,,,,,,,,,,,,,
2014-08-31,dinguiraye,1,1.0,0,,0,,,0,,0,,,,,,0,,0,0,,0,,,,,,,,,,,,,,,,,,,,0,0.0,1,0,0,1,0.0,1,0,0,0,0,0,,0,,,,,0,0.0,0.0
2014-08-31,dubreka,21,0.14,0,4,0,,,0,,0,,,,,,154,,3,0,,157,,,,,,,,,,,,,,,,,,,,4,18.0,0,3,157,3,3.0,0,0,0,4,0,0,,0,,,,,4,1.0,5.0
2014-08-31,forecariah,7,0.43,0,,0,,,0,,0,,,,,,0,,0,0,,0,,,,,,,,,,,,,,,,,,,,0,5.0,0,2,0,3,3.0,0,0,0,0,0,0,,0,,,,,7,0.0,0.0
2014-08-31,gueckedou,329,0.85,17,3,0,8,2,0,,0,,,,,,221,,0,3116,,223,,,,,,,,,,,,,66,0,,,,,,8,214.0,110,5,3418,279,169.0,110,0,6,13,703,9,,64,,,,1124,244,0.0,3.0
2014-08-31,kerouane,,,,,,,,,,,,,,,,,,,,,,,,,,,,,,,,,,,,,,,,,,,,,,,,,,,,,,,,,,,,,,
2014-08-31,kindia,,,,,,,,,,,,,,,,,,,,,,,,,,,,,,,,,,,,,,,,,,,,,,,,,,,,,,,,,,,,,,
2014-08-31,kissidougou,7,0.86,0,,0,,,0,,0,,,,,,0,,0,159,,0,,,,,,,,,,,,,,,,,,,,0,2.0,5,0,159,6,1.0,5,0,0,0,0,0,,0,,,,,7,0.0,0.0
2014-08-31,kouroussa,4,1.0,0,,0,,,0,,0,,,,,,48,,0,46,,48,,,,,,,,,,,,,,,,,,,,0,2.0,2,0,94,4,2.0,2,0,0,0,0,0,,0,,,,,1,0.0,0.0
2014-08-31,lola,,,,,,,,,,,,,,,,,,,,,,,,,,,,,,,,,,,,,,,,,,,,,,,,,,,,,,,,,,,,,,
2014-08-31,macenta,161,0.57,0,20,0,,6,0,3,0,,,,,,293,,64,434,,357,,,,,,,,,,,,,0,0,,,,,,8,137.0,11,13,680,92,81.0,11,0,6,26,0,0,,0,,,,0,85,12.0,20.0
2014-08-31,nzerekore,11,0.55,0,,0,,,0,,0,,,,,,77,,2,116,,79,,,,,,,,,,,,,,,,,,,,1,10.0,1,0,195,6,5.0,1,0,1,0,0,0,,0,,,,,7,0.0,0.0
2014-08-31,pita,8,0.5,0,1,0,,,0,,0,,,,,,92,,5,40,,97,,,,,,,,,,,,,,,,,,,,0,6.0,1,1,137,4,3.0,1,0,0,1,0,0,,0,,,,,10,0.0,1.0
2014-08-31,siguiri,6,0.5,0,,0,,,0,,0,,,,,,0,,0,141,,0,,,,,,,,,,,,,,,,,,,,2,6.0,0,0,141,3,3.0,0,0,0,0,13,0,,0,,,,,8,0.0,0.0
2014-08-31,telimele,26,0.38,0,,0,,,0,,0,,,,,,0,,0,259,,0,,,,,,,,,,,,,,,,,,,,2,23.0,3,0,259,10,7.0,3,0,1,0,41,0,,0,,,,,18,0.0,0.0
2014-08-31,yomou,11,0.27,0,,0,,,0,,0,,,,,,35,,2,0,,37,,,,,,,,,,,,,,,,,,,,1,10.0,0,1,42,3,3.0,0,0,1,0,0,0,,0,,,,,3,0.0,0.0
2014-09-02,beyla,,,,,,,,,,,,,,,,,,,,,,,,,,,,,,,,,,,,,,,,,,,,,,,,,,,,,,,,,,,,,,
2014-09-02,boffa,25,0.64,,,0,,,,,0,,,,,,0,,0,397,,0,,,,,,,,,,,,,,,,,,,,0,19.0,5,1,397,16,11.0,5,0,0,0,0,0,,0,,,,,19,0.0,0.0
2014-09-02,conakry,133,0.42,6,,0,,,,,0,,,,,,332,,0,1727,,337,,,,,,,,,,,,,12,0,,,,,,24,110.0,8,15,1986,56,46.0,8,2,11,0,368,2,,38,,,,843,228,1.0,0.0
2014-09-02,coyah,3,0.0,,,0,,,,,0,,,,,,0,,0,0,,0,,,,,,,,,,,,,,,,,,,,0,3.0,0,0,0,0,0.0,0,0,0,3,0,0,,0,,,,,0,0.0,3.0
2014-09-02,dabola,4,1.0,,,0,,,,,0,,,,,,0,,0,69,,0,,,,,,,,,,,,,,,,,,,,0,1.0,3,0,69,4,1.0,3,0,0,0,0,0,,0,,,,,1,0.0,0.0
2014-09-02,dalaba,,,,,,,,,,,,,,,,,,,,,,,,,,,,,,,,,,,,,,,,,,,,,,,,,,,,,,,,,,,,,,
2014-09-02,dinguiraye,1,1.0,,,0,,,,,0,,,,,,0,,0,0,,0,,,,,,,,,,,,,,,,,,,,0,0.0,1,0,0,1,0.0,1,0,0,0,0,0,,0,,,,,0,0.0,0.0
2014-09-02,dubreka,21,0.14,,,0,,,,,0,,,,,,154,,3,0,,157,,,,,,,,,,,,,,,,,,,,4,20.0,0,1,157,3,3.0,0,0,0,1,0,0,,0,,,,,4,0.0,2.0
2014-09-02,forecariah,7,0.43,,,0,,,,,0,,,,,,0,,0,0,,0,,,,,,,,,,,,,,,,,,,,0,5.0,0,2,71,3,3.0,0,0,0,0,0,0,,0,,,,,7,0.0,0.0
2014-09-02,gueckedou,334,0.85,23,4,0,,5,,2,0,,,,,,259,,0,3116,,259,,,,,,,,,,,,,19,0,,,,,,8,219.0,110,5,3497,283,173.0,110,0,6,9,722,22,,67,,,,1175,244,4.0,5.0
2014-09-02,kerouane,14,0.0,,,0,,,,,0,,,,,,0,,0,0,,0,,,,,,,,,,,,,,,,,,,,0,9.0,0,5,0,0,0.0,0,0,0,0,0,0,,0,,,,,0,0.0,9.0
2014-09-02,kindia,,,,,,,,,,,,,,,,,,,,,,,,,,,,,,,,,,,,,,,,,,,,,,,,,,,,,,,,,,,,,,
2014-09-02,kissidougou,7,0.86,,,0,,,,,0,,,,,,0,,0,159,,0,,,,,,,,,,,,,,,,,,,,0,2.0,5,0,159,6,1.0,5,0,0,0,0,0,,0,,,,,7,0.0,0.0
2014-09-02,kouroussa,4,1.0,,,0,,,,,0,,,,,,48,,0,46,,48,,,,,,,,,,,,,,,,,,,,0,2.0,2,0,94,4,2.0,2,0,0,0,0,0,,0,,,,,1,0.0,0.0
2014-09-02,lola,,,,,,,,,,,,,,,,,,,,,,,,,,,,,,,,,,,,,,,,,,,,,,,,,,,,,,,,,,,,,,
2014-09-02,macenta,174,0.57,,6,0,,6,,3,0,,,,,,645,,64,434,,829,,,,,,,,,,,,,0,0,,,,,,8,146.0,11,17,970,99,88.0,11,0,6,12,0,0,,0,,,,0,85,7.0,9.0
2014-09-02,mzerekore,11,0.55,,,0,,,,,0,,,,,,79,,2,116,,80,,,,,,,,,,,,,,,,,,,,1,10.0,1,0,196,6,5.0,1,0,1,0,0,0,,0,,,,,7,0.0,0.0
2014-09-02,pita,9,0.33,,,0,,,,,0,,,,,,92,,5,40,,97,,,,,,,,,,,,,,,,,,,,0,6.0,1,2,137,3,2.0,1,0,0,0,0,0,,0,,,,,10,0.0,0.0
2014-09-02,siguiri,6,0.5,,,0,,,,,0,,,,,,0,,0,141,,0,,,,,,,,,,,,,,,,,,,,2,6.0,0,0,141,3,3.0,0,0,0,0,13,0,,0,,,,,8,0.0,0.0
2014-09-02,telimele,26,0.38,,,0,,,,,0,,,,,,0,,0,259,,0,,,,,,,,,,,,,,,,,,,,2,23.0,3,0,259,10,7.0,3,0,1,0,41,0,,0,,,,,18,0.0,0.0
2014-09-02,yomou,11,0.36,,,0,,,,,0,,,,,,32,,2,0,,35,,,,,,,,,,,,,,,,,,,,1,10.0,0,1,56,4,4.0,0,0,1,0,0,0,,0,,,,,3,1.0,0.0
2014-09-04,beyla,,,,,,,,,,,,,,,,,,,,,,,,,,,,,,,,,,,,,,,,,,,,,,,,,,,,,,,,,,,,,,
2014-09-04,boffa,25,0.64,,,0,,,,,0,,,,,,0,,0,397,,0,,,,,,,,,,,,,,,,,,,,0,19.0,5,1,397,16,11.0,5,0,0,0,0,0,,0,,,,,19,0.0,0.0
2014-09-04,conakry,140,0.41,1,,0,,,12,,0,,,,,,365,,4,1809,,443,,,,,,,,,,,,,7,0,,,,,,24,111.0,8,21,2256,57,47.0,8,2,11,0,382,6,,31,,,,860,239,1.0,1.0
2014-09-04,coyah,4,0.0,,1,0,,,,,0,,,,,,0,,0,0,,0,,,,,,,,,,,,,,,,,,,,0,4.0,0,0,0,0,0.0,0,0,0,1,0,0,,0,,,,,0,0.0,1.0
2014-09-04,dabola,4,1.0,,,0,,,,,0,,,,,,0,,0,69,,0,,,,,,,,,,,,,0,0,,,,,,0,1.0,3,0,69,4,1.0,4,0,0,0,0,0,,0,,,,0,3,0.0,0.0
2014-09-04,dalaba,,,,,,,,,,,,,,,,,,,,,,,,,,,,,,,,,,,,,,,,,,,,,,,,,,,,,,,,,,,,,,
2014-09-04,dinguiraye,1,1.0,,,0,,,,,0,,,,,,0,,0,0,,0,,,,,,,,,,,,,,,,,,,,0,0.0,1,0,0,1,0.0,1,0,0,0,0,0,,0,,,,,0,0.0,0.0
2014-09-04,dubreka,21,0.19,,,,,,,,0,,,,,,154,,0,0,,157,,,,,,,,,,,,,,,,,,,,4,20.0,0,1,157,4,4.0,0,0,0,0,0,0,,0,,,,,8,1.0,0.0
2014-09-04,forecariah,7,0.57,,,0,,,,,0,,,,,,180,,0,35,,180,,,,,,,,,,,,,,,,,,,,0,5.0,0,2,215,4,4.0,0,0,0,0,0,0,,0,,,,,7,1.0,0.0
2014-09-04,gueckedou,336,0.85,12,4,0,,1,7,1,0,,,,,,244,,1,3296,,247,,,,,,,,,,,,,51,0,,,,,,8,223.0,110,3,3543,284,174.0,110,0,6,5,755,9,,72,,,,1226,249,1.0,4.0
2014-09-04,kerouane,12,0.0,,,0,,,,,0,,,,,,0,,0,0,,0,,,,,,,,,,,,,,,,,,,,0,10.0,0,2,0,0,0.0,0,0,0,0,0,0,,0,,,,,2,0.0,1.0
2014-09-04,kindia,,,,,,,,,,,,,,,,,,,,,,,,,,,,,,,,,,,,,,,,,,,,,,,,,,,,,,,,,,,,,,
2014-09-04,kissidougou,7,0.86,,,0,,,,,0,,,,,,0,,0,159,,0,,,,,,,,,,,,,,,,,,,,0,2.0,5,0,159,6,1.0,5,0,0,0,0,0,,0,,,,,7,0.0,0.0
2014-09-04,kouroussa,4,1.0,,,0,,,,,0,,,,,,48,,0,46,,48,,,,,,,,,,,,,,,,,,,,0,2.0,2,0,94,4,2.0,2,0,0,0,0,0,,0,,,,,1,0.0,0.0
2014-09-04,lola,,,,,,,,,,,,,,,,,,,,,,,,,,,,,,,,,,,,,,,,,,,,,,,,,,,,,,,,,,,,,,
2014-09-04,macenta,199,0.58,,12,0,,12,,4,0,,,,,,575,,0,357,,759,,,,,,,,,,,,,0,0,,,,,,8,169.0,12,18,1062,116,103.0,12,1,6,24,0,0,,0,,,,0,103,15.0,23.0
2014-09-04,mzerekore,11,0.55,,,,,,2,,0,,,,,,77,,0,121,,77,,,,,,,,,,,,,,,,,,,,1,10.0,1,0,198,6,5.0,1,0,1,0,0,0,,0,,,,,7,0.0,0.0
2014-09-04,pita,9,0.33,,,0,,,,,0,,,,,,32,,0,108,,32,,,,,,,,,,,,,,,,,,,,0,6.0,1,2,140,3,2.0,1,0,0,0,0,0,,0,,,,,10,0.0,0.0
2014-09-04,siguiri,6,0.5,,,0,,,,,0,,,,,,0,,0,141,,0,,,,,,,,,,,,,,,,,,,,2,6.0,0,0,141,3,3.0,0,0,0,0,13,0,,0,,,,,8,0.0,0.0
2014-09-04,telimele,26,0.38,,,0,,,,,0,,,,,,0,,0,259,,0,,,,,,,,,,,,,,,,,,,,2,23.0,3,0,259,10,7.0,3,0,1,0,41,0,,0,,,,,18,0.0,0.0
2014-09-04,yomou,11,0.36,,,0,,,,,0,,,,,,35,,0,0,,35,,,,,,,,,,,,,,,,,,,,1,10.0,0,1,56,4,4.0,0,0,1,0,0,0,,0,,,,,7,0.0,0.0
2014-09-07,beyla,,,,,,,,,,,,,,,,,,,,,,,,,,,,,,,,,,,,,,,,,,,,,,,,,,,,,,,,,,,,,,
2014-09-07,boffa,24,0.67,,,,,,,,0,,,,,,0,,0,397,,0,,,,,,,,,,,,,,,,,,,,0,19.0,5,0,397,16,11.0,5,0,0,0,0,0,,0,,,,,19,0.0,0.0
2014-09-07,conakry,131,0.44,1,,2,,,,,0,,,,,,531,,0,1809,,585,,,,,,,,,,,,,5,0,,,,,,28,113.0,8,10,2297,57,47.0,8,2,13,0,396,4,,22,,,,899,246,0.0,2.0
2014-09-07,coyah,6,0.33,,,,,,,,0,,,,,,74,,0,0,,74,,,,,,,,,,,,,,,,,,,,0,5.0,0,1,74,2,2.0,0,0,0,0,0,0,,0,,,,,1,2.0,1.0
2014-09-07,dabola,4,1.0,,,,,,,,0,,,,,,0,,0,69,,0,,,,,,,,,,,,,,,,,,,,0,1.0,3,0,69,4,1.0,3,0,0,0,0,0,,0,,,,,3,0.0,0.0
2014-09-07,dalaba,,,,,,,,,,,,,,,,,,,,,,,,,,,,,,,,,,,,,,,,,,,,,,,,,,,,,,,,,,,,,,
2014-09-07,dinguiraye,1,1.0,,,,,,,,0,,,,,,0,,0,0,,0,,,,,,,,,,,,,,,,,,,,0,0.0,1,0,0,1,0.0,1,0,0,0,0,0,,0,,,,,0,0.0,0.0
2014-09-07,dubreka,21,0.19,,,,,,,,0,,,,,,180,,0,0,,180,,,,,,,,,,,,,,,,,,,,4,21.0,0,0,180,4,4.0,0,0,0,0,0,0,,0,,,,,15,0.0,1.0
2014-09-07,forecariah,6,0.67,,,,,,,,0,,,,,,72,,0,35,,123,,,,,,,,,,,,,,,,,,,,0,6.0,0,0,123,4,4.0,0,0,0,0,0,0,,0,,,,,7,0.0,1.0
2014-09-07,gueckedou,343,0.84,17,,,,1,,1,0,,,,,,315,,0,3325,,318,,,,,,,,,,,,,28,0,,,,,,8,230.0,110,3,3643,289,179.0,110,0,6,1,774,4,,80,,,,1337,250,5.0,7.0
2014-09-07,kerouane,11,0.09,,,,,,,,0,,,,,,0,,0,0,,0,,,,,,,,,,,,,,,,,,,,0,11.0,0,0,0,1,1.0,0,0,0,0,0,0,,0,,,,,3,1.0,1.0
2014-09-07,kindia,,,,,,,,,,,,,,,,,,,,,,,,,,,,,,,,,,,,,,,,,,,,,,,,,,,,,,,,,,,,,,
2014-09-07,kissidougou,7,0.86,,,,,,,,0,,,,,,0,,0,159,,0,,,,,,,,,,,,,,,,,,,,0,2.0,5,0,159,6,1.0,5,0,0,0,0,0,,0,,,,,7,0.0,0.0
2014-09-07,kouroussa,4,1.0,,,,,,,,0,,,,,,48,,0,46,,48,,,,,,,,,,,,,,,,,,,,0,2.0,2,0,94,4,2.0,2,0,0,0,0,0,,0,,,,,1,0.0,0.0
2014-09-07,lola,,,,,,,,,,,,,,,,,,,,,,,,,,,,,,,,,,,,,,,,,,,,,,,,,,,,,,,,,,,,,,
2014-09-07,macenta,237,0.6,32,8,,,4,,3,0,,,,,,602,,0,357,,783,,,,,,,,,,,,,0,0,,,,,,8,209.0,12,16,1078,142,128.0,12,2,6,12,32,0,,0,,,,0,118,25.0,40.0
2014-09-07,nzerekore,14,0.43,,,,,,5,,0,,,,,,58,,0,146,,58,,,,,,,,,,,,,,,,,,,,1,13.0,1,0,204,6,5.0,1,0,1,2,0,0,,0,,,,,7,0.0,3.0
2014-09-07,pita,8,0.38,,,,,,,,0,,,,,,32,,0,108,,32,,,,,,,,,,,,,,,,,,,,0,6.0,1,1,140,3,2.0,1,0,0,0,0,0,,0,,,,,12,0.0,0.0
2014-09-07,siguiri,6,0.5,,,,,,,,0,,,,,,0,,0,141,,0,,,,,,,,,,,,,,,,,,,,2,6.0,0,0,141,3,3.0,0,0,0,0,13,0,,0,,,,,8,0.0,0.0
2014-09-07,telimele,26,0.38,,,,,,,,0,,,,,,0,,0,259,,0,,,,,,,,,,,,,,,,,,,,2,23.0,3,0,259,10,7.0,3,0,1,0,41,0,,0,,,,,18,0.0,0.0
2014-09-07,yomou,12,0.42,,,,,,,,0,,,,,,30,,0,0,,35,,,,,,,,,,,,,,,,,,,,1,11.0,0,1,56,5,5.0,0,0,1,1,0,0,,0,,,,,3,1.0,1.0
2014-09-08,beyla,,,,,,,,,,,,,,,,,,,,,,,,,,,,,,,,,,,,,,,,,,,,,,,,,,,,,,,,,,,,,,
2014-09-08,boffa,24,0.67,,,,,,,,0,,,,,,0,,0,397,,0,,,,,,,,,,,,,,,,,,,,0,19.0,5,0,397,16,11.0,5,0,0,0,0,0,,0,,,,,19,0.0,0.0
2014-09-08,conakry,131,0.44,1,,2,,,,,0,,,,,,531,,0,1809,,585,,,,,,,,,,,,,5,0,,,,,,28,113.0,8,10,2297,57,47.0,8,2,13,0,396,4,,22,,,,899,246,0.0,0.0
2014-09-08,coyah,6,0.33,,,,,,,,0,,,,,,74,,0,0,,74,,,,,,,,,,,,,,,,,,,,0,5.0,0,1,74,2,2.0,0,0,0,0,0,0,,0,,,,,1,0.0,0.0
2014-09-08,dabola,4,1.0,,,,,,,,0,,,,,,0,,0,69,,0,,,,,,,,,,,,,,,,,,,,0,1.0,3,0,69,4,1.0,3,0,0,0,0,0,,0,,,,,3,0.0,0.0
2014-09-08,dalaba,,,,,,,,,,,,,,,,,,,,,,,,,,,,,,,,,,,,,,,,,,,,,,,,,,,,,,,,,,,,,,
2014-09-08,dinguiraye,1,1.0,,,,,,,,0,,,,,,0,,0,0,,0,,,,,,,,,,,,,,,,,,,,0,0.0,1,0,0,1,0.0,1,0,0,0,0,0,,0,,,,,0,0.0,0.0
2014-09-08,dubreka,21,0.19,,,,,,,,0,,,,,,180,,0,0,,180,,,,,,,,,,,,,,,,,,,,4,21.0,0,0,180,4,4.0,0,0,0,0,0,0,,0,,,,,15,0.0,0.0
2014-09-08,forecariah,6,0.67,,,,,,,,0,,,,,,72,,0,35,,123,,,,,,,,,,,,,,,,,,,,0,6.0,0,0,123,4,4.0,0,0,0,0,0,0,,0,,,,,7,0.0,0.0
2014-09-08,gueckedou,343,0.84,17,,,,1,,1,0,,,,,,315,,0,3325,,318,,,,,,,,,,,,,28,0,,,,,,8,230.0,110,3,3643,289,179.0,110,0,6,1,774,4,,80,,,,1337,250,0.0,0.0
2014-09-08,kerouane,11,0.09,,,,,,,,0,,,,,,0,,0,0,,0,,,,,,,,,,,,,,,,,,,,0,11.0,0,0,0,1,1.0,0,0,0,0,0,0,,0,,,,,3,0.0,0.0
2014-09-08,kindia,,,,,,,,,,,,,,,,,,,,,,,,,,,,,,,,,,,,,,,,,,,,,,,,,,,,,,,,,,,,,,
2014-09-08,kissidougou,7,0.86,,,,,,,,0,,,,,,0,,0,159,,0,,,,,,,,,,,,,,,,,,,,0,2.0,5,0,159,6,1.0,5,0,0,0,0,0,,0,,,,,7,0.0,0.0
2014-09-08,kouroussa,4,1.0,,,,,,,,0,,,,,,48,,0,46,,48,,,,,,,,,,,,,,,,,,,,0,2.0,2,0,94,4,2.0,2,0,0,0,0,0,,0,,,,,1,0.0,0.0
2014-09-08,lola,,,,,,,,,,,,,,,,,,,,,,,,,,,,,,,,,,,,,,,,,,,,,,,,,,,,,,,,,,,,,,
2014-09-08,macenta,237,0.6,32,8,,,4,,3,0,,,,,,602,,0,357,,783,,,,,,,,,,,,,0,0,,,,,,8,209.0,12,16,1078,142,128.0,12,2,6,12,32,0,,0,,,,0,118,0.0,0.0
2014-09-08,mzerekore,14,0.43,,2,,,,5,,0,,,,,,58,,0,146,,58,,,,,,,,,,,,,,,,,,,,1,13.0,1,0,204,6,5.0,1,0,1,2,0,0,,0,,,,,7,0.0,3.0
2014-09-08,pita,8,0.38,,,,,,,,0,,,,,,32,,0,108,,32,,,,,,,,,,,,,,,,,,,,0,6.0,1,1,140,3,2.0,1,0,0,0,0,0,,0,,,,,12,0.0,0.0
2014-09-08,siguiri,6,0.5,,,,,,,,0,,,,,,0,,0,141,,0,,,,,,,,,,,,,,,,,,,,2,6.0,0,0,141,3,3.0,0,0,0,0,13,0,,0,,,,,8,0.0,0.0
2014-09-08,telimele,26,0.38,,,,,,,,0,,,,,,0,,0,259,,0,,,,,,,,,,,,,,,,,,,,2,23.0,3,0,259,10,7.0,3,0,1,0,41,0,,0,,,,,18,0.0,0.0
2014-09-08,yomou,12,0.42,,1,,,,,,0,,,,,,30,,0,0,,35,,,,,,,,,,,,,,,,,,,,1,11.0,0,1,56,5,5.0,0,0,1,1,0,0,,0,,,,,3,0.0,0.0
2014-09-09,beyla,,,,,,,,,,,,,,,,,,,,,,,,,,,,,,,,,,,,,,,,,,,,,,,,,,,,,,,,,,,,,,
2014-09-09,boffa,24,0.67,,,,,,,,0,,,,,,0,,0,397,,0,,,,,,,,,,,,,,,,,,,,0,19.0,5,0,397,16,11.0,5,0,0,0,0,0,,0,,,,,19,0.0,0.0
2014-09-09,conakry,130,0.44,1,1,,,,,,0,,,,,,531,,0,1809,,585,,,,,,,,,,,,,11,0,,,,,,28,113.0,8,9,2297,57,47.0,8,2,13,1,402,4,,22,,,,910,259,0.0,0.0
2014-09-09,coyah,6,0.33,,,,,,,,0,,,,,,82,,0,0,,82,,,,,,,,,,,,,,,,,,,,0,5.0,0,1,82,2,2.0,0,0,0,0,0,0,,0,,,,,1,0.0,0.0
2014-09-09,dabola,4,1.0,,,,,,,,0,,,,,,0,,0,69,,0,,,,,,,,,,,,,,,,,,,,0,1.0,3,0,69,4,1.0,3,0,0,0,0,0,,0,,,,,3,0.0,0.0
2014-09-09,dalaba,,,,,,,,,,,,,,,,,,,,,,,,,,,,,,,,,,,,,,,,,,,,,,,,,,,,,,,,,,,,,,
2014-09-09,dinguiraye,1,1.0,,,,,,,,0,,,,,,0,,0,0,,0,,,,,,,,,,,,,,,,,,,,0,0.0,1,0,0,1,0.0,1,0,0,0,0,0,,0,,,,,0,0.0,0.0
2014-09-09,dubreka,21,0.19,,,,,,,,0,,,,,,180,,0,0,,180,,,,,,,,,,,,,,,,,,,,4,21.0,0,0,180,4,4.0,0,0,0,0,0,0,,0,,,,,17,0.0,0.0
2014-09-09,forecariah,6,0.67,,,,,,,,0,,,,,,123,,0,35,,123,,,,,,,,,,,,,,,,,,,,0,6.0,0,0,123,4,4.0,0,0,0,0,0,0,,0,,,,,9,0.0,0.0
2014-09-09,gueckedou,343,0.85,9,,,,,1,2,0,,,,,,279,,0,3365,,279,,,,,,,,,,,,,27,0,,,,,,8,230.0,110,3,3644,291,181.0,110,0,6,0,774,17,,70,,,,1364,252,2.0,0.0
2014-09-09,kerouane,18,0.06,,,,,7,,,0,,,,,,165,,0,0,,165,,,,,,,,,,,,,,,,,,,,0,11.0,0,7,165,1,1.0,0,0,0,7,0,0,,0,,,,,3,0.0,0.0
2014-09-09,kindia,,,,,,,,,,,,,,,,,,,,,,,,,,,,,,,,,,,,,,,,,,,,,,,,,,,,,,,,,,,,,,
2014-09-09,kissidougou,7,0.86,,,,,,,,0,,,,,,0,,0,159,,0,,,,,,,,,,,,,,,,,,,,0,2.0,5,0,159,6,1.0,5,0,0,0,0,0,,0,,,,,7,0.0,0.0
2014-09-09,kouroussa,4,1.0,,,,,,,,0,,,,,,48,,0,46,,48,,,,,,,,,,,,,,,,,,,,0,2.0,2,0,94,4,2.0,2,0,0,0,0,0,,0,,,,,1,0.0,0.0
2014-09-09,lola,,,,,,,,,,,,,,,,,,,,,,,,,,,,,,,,,,,,,,,,,,,,,,,,,,,,,,,,,,,,,,
2014-09-09,macenta,236,0.62,42,5,,,1,,4,0,,,,,,602,,0,357,,783,,,,,,,,,,,,,0,0,,,,,,8,213.0,12,11,1078,146,132.0,12,2,6,6,42,0,,0,,,,0,128,4.0,4.0
2014-09-09,mzerekore,15,0.53,,1,,,,,1,0,,,,,,53,,0,151,,53,,,,,,,,,,,,,,,,,,,,1,14.0,1,0,204,8,7.0,1,0,1,1,0,0,,0,,,,,9,2.0,1.0
2014-09-09,pita,8,0.38,,,,,,,,0,,,,,,32,,0,108,,32,,,,,,,,,,,,,,,,,,,,0,6.0,1,1,140,3,2.0,1,0,0,0,0,0,,0,,,,,13,0.0,0.0
2014-09-09,siguiri,7,0.43,,,,,1,,,0,,,,,,0,,0,141,,0,,,,,,,,,,,,,,,,,,,,2,6.0,0,1,141,3,3.0,0,0,0,1,13,0,,0,,,,,8,0.0,0.0
2014-09-09,telimele,26,0.38,,,,,,,,0,,,,,,0,,0,259,,0,,,,,,,,,,,,,,,,,,,,2,23.0,3,0,259,10,7.0,3,0,1,0,41,0,,0,,,,,18,0.0,0.0
2014-09-09,yomou,11,0.45,,,,,,,,0,,,,,,30,,0,0,,35,,,,,,,,,,,,,,,,,,,,1,11.0,0,0,56,5,5.0,0,0,1,0,0,0,,0,,,,,4,0.0,0.0
2014-09-11,beyla,,,,,,,,,,,,,,,,,,,,,,,,,,,,,,,,,,,,,,,,,,,,,,,,,,,,,,,,,,,,,,
2014-09-11,boffa,24,0.67,,,,,,,,0,,,,,,0,,0,397,,0,,,,,,,,,,,,,,,,,,,,0,19.0,5,0,397,16,11.0,5,0,0,0,0,0,,0,,,,,19,0.0,0.0
2014-09-11,conakry,135,0.42,2,2,2,,,14,,0,,,,,,574,,0,1812,,600,,,,,,,,,,,,,16,0,,,,,,31,117.0,8,10,2412,57,47.0,8,2,13,2,416,8,,23,,,,938,259,0.0,4.0
2014-09-11,coyah,6,0.33,,1,,,,5,,0,,,,,,90,,0,0,,97,,,,,,,,,,,,,,,,,,,,0,6.0,0,0,97,2,2.0,0,0,0,1,0,0,,0,,,,,1,0.0,1.0
2014-09-11,dabola,4,1.0,,,,,,,,0,,,,,,0,,0,69,,0,,,,,,,,,,,,,,,,,,,,0,1.0,3,0,69,4,1.0,3,0,0,0,0,0,,0,,,,,3,0.0,0.0
2014-09-11,dalaba,,,,,,,,,,,,,,,,,,,,,,,,,,,,,,,,,,,,,,,,,,,,,,,,,,,,,,,,,,,,,,
2014-09-11,dinguiraye,1,1.0,,,,,,,,0,,,,,,0,,0,0,,0,,,,,,,,,,,,,,,,,,,,0,0.0,1,0,0,1,0.0,1,0,0,0,0,0,,0,,,,,0,0.0,0.0
2014-09-11,dubreka,21,0.19,,,,,,,,0,,,,,,180,,0,0,,180,,,,,,,,,,,,,,,,,,,,4,21.0,0,0,180,4,4.0,0,0,0,0,0,0,,0,,,,,17,0.0,0.0
2014-09-11,forecariah,8,0.5,,,,,1,59,,0,,,,,,118,,0,0,,121,,,,,,,,,,,,,,,,,,,,0,7.0,0,1,121,4,4.0,0,0,0,1,0,0,,0,,,,,9,0.0,1.0
2014-09-11,gueckedou,347,0.84,1,1,,,4,43,,0,,,,,,292,,2,3410,,292,,,,,,,,,,,,,31,0,,,,,,8,232.0,110,5,3702,292,182.0,110,0,6,5,774,6,,85,,,,1395,252,1.0,2.0
2014-09-11,kerouane,20,0.05,,,,,3,,,0,,,,,,165,,0,43,,208,,,,,,,,,,,,,,,,,,,,0,17.0,0,3,208,1,1.0,0,0,0,3,0,0,,0,,,,,3,0.0,6.0
2014-09-11,kindia,,,,,,,,,,,,,,,,,,,,,,,,,,,,,,,,,,,,,,,,,,,,,,,,,,,,,,,,,,,,,,
2014-09-11,kissidougou,7,0.86,,,,,,,,0,,,,,,0,,0,159,,0,,,,,,,,,,,,,,,,,,,,0,2.0,5,0,159,6,1.0,5,0,0,0,0,0,,0,,,,,7,0.0,0.0
2014-09-11,kouroussa,4,1.0,,,,,,,,0,,,,,,48,,0,46,,48,,,,,,,,,,,,,,,,,,,,0,2.0,2,0,94,4,2.0,2,0,0,0,0,0,,0,,,,,1,0.0,0.0
2014-09-11,lola,,,,,,,,,,,,,,,,,,,,,,,,,,,,,,,,,,,,,,,,,,,,,,,,,,,,,,,,,,,,,,
2014-09-11,macenta,256,0.58,,9,,,1,48,2,0,,,,,,555,,0,295,,831,,,,,,,,,,,,,0,0,,,,,,8,232.0,12,12,1126,148,134.0,12,2,6,10,0,0,,0,,,,0,128,2.0,19.0
2014-09-11,mzerekore,15,0.53,,,,,,3,,0,,,,,,52,,0,165,,52,,,,,,,,,,,,,,,,,,,,1,14.0,1,0,217,8,7.0,1,0,1,0,0,0,,0,,,,,9,0.0,0.0
2014-09-11,pita,8,0.38,,,,,,,,0,,,,,,32,,0,108,,32,,,,,,,,,,,,,,,,,,,,0,6.0,1,1,140,3,2.0,1,0,0,0,0,0,,0,,,,,13,0.0,0.0
2014-09-11,siguiri,6,0.5,,,,,,,,0,,,,,,0,,0,141,,0,,,,,,,,,,,,,,,,,,,,2,6.0,0,0,141,3,3.0,0,0,0,0,13,0,,0,,,,,8,0.0,0.0
2014-09-11,telimele,26,0.38,,,,,,,,0,,,,,,0,,0,259,,0,,,,,,,,,,,,,,,,,,,,2,23.0,3,0,259,10,7.0,3,0,1,0,41,0,,0,,,,,18,0.0,0.0
2014-09-11,yomou,11,0.45,,,,,,,,0,,,,,,30,,0,0,,35,,,,,,,,,,,,,,,,,,,,1,11.0,0,0,56,5,5.0,0,0,1,0,0,0,,0,,,,,4,0.0,0.0
2014-09-14,beyla,,,,,,,,,,,,,,,,,,,,,,,,,,,,,,,,,,,,,,,,,,,,,,,,,,,,,,,,,,,,,,
2014-09-14,boffa,24,0.67,,,,,,,,0,,,,,,0,,0,397,,0,,,,,,,,,,,,,,,,,,,,0,19.0,5,0,397,16,11.0,5,0,0,0,0,0,,0,,,,,20,0.0,0.0
2014-09-14,conakry,138,0.43,1,,,,,,,0,,,,,,597,,6,1870,,613,,,,,,,,,,,,,11,0,,,,,,33,120.0,8,10,2489,59,49.0,8,2,14,0,429,5,,15,,,,973,278,2.0,3.0
2014-09-14,coyah,8,0.5,,,,,,1,,0,,,,,,98,,1,17,,98,,,,,,,,,,,,,,,,,,,,1,7.0,0,1,116,4,4.0,0,0,0,0,0,0,,0,,,,,3,2.0,1.0
2014-09-14,dabola,4,1.0,,,,,,,,0,,,,,,0,,0,69,,0,,,,,,,,,,,,,,,,,,,,0,1.0,3,0,69,4,1.0,3,0,0,0,0,0,,0,,,,,3,0.0,0.0
2014-09-14,dalaba,2,0.0,,,,,,,,0,,,,,,0,,0,0,,0,,,,,,,,,,,,,,,,,,,,0,1.0,0,1,0,0,0.0,0,0,0,0,0,0,,0,,,,,0,0.0,1.0
2014-09-14,dinguiraye,1,1.0,,,,,,,,0,,,,,,0,,0,0,,0,,,,,,,,,,,,,,,,,,,,0,0.0,1,0,0,1,0.0,1,0,0,0,0,0,,0,,,,,0,0.0,0.0
2014-09-14,dubreka,21,0.19,,,,,,,,0,,,,,,172,,0,8,,172,,,,,,,,,,,,,,,,,,,,3,21.0,0,0,180,4,4.0,0,0,0,0,0,0,,0,,,,,19,0.0,0.0
2014-09-14,forecariah,9,0.56,,,,,,1,,0,,,,,,103,,1,18,,104,,,,,,,,,,,,,,,,,,,,0,8.0,0,1,123,5,5.0,0,0,0,0,0,0,,0,,,,,9,1.0,1.0
2014-09-14,gueckedou,350,0.83,5,1,,,,5,,0,,,,,,308,,2,3420,,316,,,,,,,,,,,,,37,0,,,,,,9,235.0,110,5,3738,292,182.0,110,0,6,1,811,5,,69,,,,1400,255,0.0,3.0
2014-09-14,kerouane,19,0.11,,,,,,,,0,,,,,,137,,0,71,,137,,,,,,,,,,,,,,,,,,,,0,19.0,0,0,208,2,2.0,0,0,0,0,0,0,,0,,,,,5,1.0,2.0
2014-09-14,kindia,,,,,,,,,,,,,,,,,,,,,,,,,,,,,,,,,,,,,,,,,,,,,,,,,,,,,,,,,,,,,,
2014-09-14,kissidougou,8,0.75,,,,,,,,0,,,,,,0,,0,159,,0,,,,,,,,,,,,,,,,,,,,0,2.0,5,1,159,6,1.0,5,0,0,0,0,0,,0,,,,,7,0.0,0.0
2014-09-14,kouroussa,4,1.0,,,,,,,,0,,,,,,48,,0,46,,48,,,,,,,,,,,,,,,,,,,,0,2.0,2,0,94,4,2.0,2,0,0,0,0,0,,0,,,,,1,0.0,0.0
2014-09-14,lola,,,,,,,,,,,,,,,,,,,,,,,,,,,,,,,,,,,,,,,,,,,,,,,,,,,,,,,,,,,,,,
2014-09-14,macenta,267,0.58,,10,,,,,1,0,,,,,,555,,0,295,,831,,,,,,,,,,,,,0,0,,,,,,9,245.0,12,10,1126,156,142.0,12,2,7,10,0,0,,0,,,,0,130,8.0,13.0
2014-09-14,mzerekore,29,0.72,,3,,11,,20,,0,,,,,,72,,0,165,,93,,,,,,,,,,,,,,,,,,,,1,17.0,12,0,258,21,9.0,12,0,1,14,0,0,,0,,,,,9,2.0,3.0
2014-09-14,pita,9,0.33,,,,,,,,0,,,,,,25,,0,115,,25,,,,,,,,,,,,,,,,,,,,0,6.0,1,2,140,3,2.0,1,0,0,0,0,0,,0,,,,,17,0.0,0.0
2014-09-14,siguiri,6,0.5,,,,,,,,0,,,,,,0,,0,141,,0,,,,,,,,,,,,,,,,,,,,2,6.0,0,0,141,3,3.0,0,0,0,0,13,0,,0,,,,,9,0.0,0.0
2014-09-14,telimele,26,0.38,,,,,,,,0,,,,,,0,,0,259,,0,,,,,,,,,,,,,,,,,,,,2,23.0,3,0,259,10,7.0,3,0,1,0,41,0,,0,,,,,18,0.0,0.0
2014-09-14,yomou,11,0.45,,,,,,,,0,,,,,,30,,5,16,,35,,,,,,,,,,,,,,,,,,,,1,11.0,0,0,56,5,5.0,0,0,1,0,0,0,,0,,,,,4,0.0,0.0
2014-09-16,boffa,24,0.67,,,,,,,,0,,,,,,0,,0,397,,0,,,,,,,,,,,,,,,,,,,,0,19.0,5,0,397,16,11.0,5,0,0,0,0,0,,0,,,,,20,0.0,0.0
2014-09-16,conakry,151,0.4,3,2,,,3,48,,0,,,,,,635,,0,2007,,638,,,,,,,,,,,,,13,0,,,,,,33,129.0,8,14,2645,61,51.0,8,2,14,5,452,9,,17,,,,1017,278,2.0,9.0
2014-09-16,coyah,7,0.57,,,,,,,,0,,,,,,80,,0,28,,88,,,,,,,,,,,,,,,,,,,,1,7.0,0,0,116,4,4.0,0,0,0,0,0,0,,0,,,,,3,0.0,0.0
2014-09-16,dabola,4,1.0,,,,,,,,0,,,,,,0,,0,69,,0,,,,,,,,,,,,,,,,,,,,0,1.0,3,0,69,4,1.0,3,0,0,0,0,0,,0,,,,,3,0.0,0.0
2014-09-16,dalaba,2,0.0,,1,,,,,,0,,,,,,20,,0,0,,34,,,,,,,,,,,,,,,,,,,,0,2.0,0,0,34,0,0.0,0,0,0,0,0,0,,0,,,,,0,0.0,1.0
2014-09-16,dinguiraye,1,1.0,,,,,,,,0,,,,,,0,,0,0,,0,,,,,,,,,,,,,,,,,,,,0,0.0,1,0,0,1,0.0,1,0,0,0,0,0,,0,,,,,0,0.0,0.0
2014-09-16,dubreka,22,0.18,,,,,1,,,0,,,,,,69,,0,272,,69,,,,,,,,,,,,,,,,,,,,3,21.0,0,1,341,4,4.0,0,0,0,1,0,0,,0,,,,,19,0.0,0.0
2014-09-16,forecariah,10,0.5,,,,,,5,,0,,,,,,74,,0,61,,84,,,,,,,,,,,,,,,,,,,,0,9.0,0,1,145,5,5.0,0,0,0,0,0,0,,0,,,,,9,0.0,1.0
2014-09-16,gueckedou,350,0.84,0,,,,,,,0,,,,,,244,,6,3489,,254,,,,,,,,,,,,,12,0,,,,,,9,235.0,110,5,3749,293,182.0,110,1,6,0,842,15,,49,,,,1472,255,0.0,0.0
2014-09-16,kerouane,22,0.14,,,,,,,,0,,,,,,137,,0,71,,137,,,,,,,,,,,,,,,,,,,,0,22.0,0,0,208,3,3.0,0,0,0,0,0,0,,0,,,,,5,1.0,3.0
2014-09-16,kissidougou,8,0.88,,,,,,,,0,,,,,,0,,0,159,,0,,,,,,,,,,,,,,,,,,,,0,3.0,5,0,159,7,2.0,5,0,0,0,0,0,,0,,,,,7,1.0,1.0
2014-09-16,kouroussa,4,1.0,,,,,,,,0,,,,,,0,,0,94,,0,,,,,,,,,,,,,,,,,,,,0,2.0,2,0,94,4,2.0,2,0,0,0,0,0,,0,,,,,1,0.0,0.0
2014-09-16,macenta,279,0.59,,3,,,,,3,0,,,,,,960,,0,295,,970,,,,,,,,,,,,,0,0,,,,,,9,258.0,12,9,1265,165,151.0,12,2,7,3,0,0,,0,,,,0,130,9.0,13.0
2014-09-16,nzerekore,28,0.71,,,,,,,,0,,,,,,98,,1,164,,99,,,,,,,,,,,,,,,,,,,,1,17.0,11,0,264,20,9.0,11,0,1,0,0,0,,0,,,,,9,4.0,4.0
2014-09-16,pita,9,0.33,,,,,,,,0,,,,,,25,,0,115,,25,,,,,,,,,,,,,,,,,,,,0,6.0,1,2,140,3,2.0,1,0,0,0,0,0,,0,,,,,17,0.0,0.0
2014-09-16,siguiri,6,0.5,,,,,,,,0,,,,,,0,,0,141,,0,,,,,,,,,,,,,,,,,,,,2,6.0,0,0,141,3,3.0,0,0,0,0,13,0,,0,,,,,9,0.0,0.0
2014-09-16,telimele,26,0.38,,,,,,,,0,,,,,,0,,0,259,,0,,,,,,,,,,,,,,,,,,,,2,23.0,3,0,259,10,7.0,3,0,1,0,41,0,,0,,,,,18,0.0,0.0
2014-09-16,yomou,11,0.45,,,,,,,,0,,,,,,30,,0,21,,35,,,,,,,,,,,,,,,,,,,,1,11.0,0,0,56,5,5.0,0,0,1,0,0,0,,0,,,,,4,0.0,0.0
2014-09-17,beyla,,,,,,,,,,,,,,,,,,,,,,,,,,,,,,,,,,,,,,,,,,,,,,,,,,,,,,,,,,,,,,
2014-09-17,boffa,24,0.67,,,,,,,,0,,,,,,0,,0,397,,0,,,,,,,,,,,,,,,,,,,,0,19.0,5,0,397,16,11.0,5,0,0,0,0,0,,0,,,,,20,0.0,0.0
2014-09-17,conakry,151,0.4,3,2,,,3,48,,0,,,,,,635,,0,2007,,638,,,,,,,,,,,,,13,0,,,,,,33,129.0,8,14,2645,61,51.0,8,2,14,5,452,9,,17,,,,1017,278,0.0,0.0
2014-09-17,coyah,7,0.57,,,,,,,,0,,,,,,80,,0,28,,88,,,,,,,,,,,,,,,,,,,,1,7.0,0,0,116,4,4.0,0,0,0,0,0,0,,0,,,,,3,0.0,0.0
2014-09-17,dabola,4,1.0,,,,,,,,0,,,,,,0,,0,69,,0,,,,,,,,,,,,,,,,,,,,0,1.0,3,0,69,4,1.0,3,0,0,0,0,0,,0,,,,,3,0.0,0.0
2014-09-17,dalaba,2,0.0,,1,,,,,,0,,,,,,20,,0,0,,34,,,,,,,,,,,,,,,,,,,,0,2.0,0,0,34,0,0.0,0,0,0,1,0,0,,0,,,,,0,0.0,0.0
2014-09-17,dinguiraye,1,1.0,,,,,,,,0,,,,,,0,,0,0,,0,,,,,,,,,,,,,,,,,,,,0,0.0,1,0,0,1,0.0,1,0,0,0,0,0,,0,,,,,0,0.0,0.0
2014-09-17,dubreka,22,0.18,,,,,1,,,0,,,,,,69,,0,272,,69,,,,,,,,,,,,,,,,,,,,3,21.0,0,1,341,4,4.0,0,0,0,1,0,0,,0,,,,,19,0.0,0.0
2014-09-17,forecariah,10,0.5,,,,,,5,,0,,,,,,74,,0,61,,84,,,,,,,,,,,,,,,,,,,,0,9.0,0,1,145,5,5.0,0,0,0,0,0,0,,0,,,,,9,0.0,0.0
2014-09-17,gueckedou,350,0.84,0,,,,,,,0,,,,,,244,,6,3489,,254,,,,,,,,,,,,,12,0,,,,,,9,235.0,110,5,3749,293,182.0,110,1,6,0,842,15,,49,,,,1472,255,0.0,0.0
2014-09-17,kerouane,22,0.14,,,,,,,,0,,,,,,137,,0,71,,137,,,,,,,,,,,,,,,,,,,,0,22.0,0,0,208,3,3.0,0,0,0,0,0,0,,0,,,,,5,0.0,0.0
2014-09-17,kindia,,,,,,,,,,,,,,,,,,,,,,,,,,,,,,,,,,,,,,,,,,,,,,,,,,,,,,,,,,,,,,
2014-09-17,kissidougou,8,0.88,,,,,,,,0,,,,,,0,,0,159,,0,,,,,,,,,,,,,,,,,,,,0,3.0,5,0,159,7,2.0,5,0,0,0,0,0,,0,,,,,7,0.0,0.0
2014-09-17,kouroussa,4,1.0,,,,,,,,0,,,,,,0,,0,94,,0,,,,,,,,,,,,,,,,,,,,0,2.0,2,0,94,4,2.0,2,0,0,0,0,0,,0,,,,,1,0.0,0.0
2014-09-17,lola,,,,,,,,,,,,,,,,,,,,,,,,,,,,,,,,,,,,,,,,,,,,,,,,,,,,,,,,,,,,,,
2014-09-17,macenta,279,0.59,,3,,,,,3,0,,,,,,960,,0,295,,970,,,,,,,,,,,,,0,0,,,,,,9,258.0,12,9,1265,165,151.0,12,2,7,3,0,0,,0,,,,0,130,0.0,0.0
2014-09-17,mzerekore,28,0.71,,,,,,,,0,,,,,,98,,1,164,,99,,,,,,,,,,,,,,,,,,,,1,17.0,11,0,264,20,9.0,11,0,1,0,0,0,,0,,,,,9,0.0,0.0
2014-09-17,pita,9,0.33,,,,,,,,0,,,,,,25,,0,115,,25,,,,,,,,,,,,,,,,,,,,0,6.0,1,2,140,3,2.0,1,0,0,0,0,0,,0,,,,,17,0.0,0.0
2014-09-17,siguiri,6,0.5,,,,,,,,0,,,,,,0,,0,141,,0,,,,,,,,,,,,,,,,,,,,2,6.0,0,0,141,3,3.0,0,0,0,0,13,0,,0,,,,,9,0.0,0.0
2014-09-17,telimele,26,0.38,,,,,,,,0,,,,,,0,,0,259,,0,,,,,,,,,,,,,,,,,,,,2,23.0,3,0,259,10,7.0,3,0,1,0,41,0,,0,,,,,18,0.0,0.0
2014-09-17,yomou,11,0.45,,,,,,,,0,,,,,,30,,0,21,,35,,,,,,,,,,,,,,,,,,,,1,11.0,0,0,56,5,5.0,0,0,1,0,0,0,,0,,,,,4,0.0,0.0
2014-09-19,beyla,,,,,,,,,,,,,,,,,,,,,,,,,,,,,,,,,,,,,,,,,,,,,,,,,,,,,,,,,,,,,,
2014-09-19,boffa,24,0.67,,,,,,,,0,,,,,,0,,0,397,,0,,,,,,,,,,,,,,,,,,,,0,19.0,5,0,397,16,11.0,5,0,0,0,0,0,,0,,,,,20,0.0,0.0
2014-09-19,conakry,147,0.46,4,1,,,2,110,,0,,,,,,681,,0,2144,,711,,,,,,,,,,,,,12,0,,,,,,38,131.0,8,8,2855,68,58.0,8,2,18,3,452,2,,19,,,,1033,299,7.0,2.0
2014-09-19,coyah,7,0.71,,,,,,,,0,,,,,,80,,0,28,,88,,,,,,,,,,,,,,,,,,,,1,7.0,0,0,116,5,5.0,0,0,0,0,0,0,,0,,,,,4,1.0,0.0
2014-09-19,dabola,4,1.0,,,,,,,,0,,,,,,0,,0,69,,0,,,,,,,,,,,,,,,,,,,,0,1.0,3,0,69,4,1.0,3,0,0,0,0,0,,0,,,,,3,0.0,0.0
2014-09-19,dalaba,2,0.0,,,,,,,,0,,,,,,20,,0,0,,34,,,,,,,,,,,,,,,,,,,,0,2.0,0,0,34,0,0.0,0,0,0,0,0,0,,0,,,,,1,0.0,0.0
2014-09-19,dinguiraye,1,1.0,,,,,,,,0,,,,,,0,,0,0,,0,,,,,,,,,,,,,,,,,,,,0,0.0,1,0,0,1,0.0,1,0,0,0,0,0,,0,,,,,0,0.0,0.0
2014-09-19,dubreka,22,0.32,,,,,,,,0,,,,,,69,,0,272,,69,,,,,,,,,,,,,,,,,,,,3,21.0,0,1,341,7,7.0,0,0,1,0,0,0,,0,,,,,19,3.0,0.0
2014-09-19,forecariah,10,0.7,,,,,,,,0,,,,,,74,,0,61,,84,,,,,,,,,,,,,,,,,,,,0,9.0,0,1,145,7,7.0,0,0,0,0,0,0,,0,,,,,12,2.0,0.0
2014-09-19,gueckedou,352,0.84,1,,,1,1,,,0,,,,,,236,,0,3504,,246,,,,,,,,,,,,,12,0,,,,,,9,236.0,111,5,3750,295,183.0,111,1,6,2,842,15,,35,,,,1472,259,1.0,1.0
2014-09-19,kerouane,22,0.18,,,,,,,1,0,,,,,,137,,0,71,,137,,,,,,,,,,,,,,,,,,,,0,22.0,0,0,208,4,4.0,0,0,0,0,0,0,,0,,,,,9,1.0,0.0
2014-09-19,kindia,,,,,,,,,,,,,,,,,,,,,,,,,,,,,,,,,,,,,,,,,,,,,,,,,,,,,,,,,,,,,,
2014-09-19,kissidougou,8,0.88,,,,,,,,0,,,,,,0,,0,159,,0,,,,,,,,,,,,,,,,,,,,0,3.0,5,0,159,7,2.0,5,0,0,0,0,0,,0,,,,,7,0.0,0.0
2014-09-19,kouroussa,4,1.0,,,,,,,,0,,,,,,0,,0,94,,0,,,,,,,,,,,,,,,,,,,,0,2.0,2,0,94,4,2.0,2,0,0,0,0,0,,0,,,,,2,0.0,0.0
2014-09-19,lola,,,,,,,,,,,,,,,,,,,,,,,,,,,,,,,,,,,,,,,,,,,,,,,,,,,,,,,,,,,,,,
2014-09-19,macenta,292,0.59,3,11,,,,72,4,0,,,,,,817,,0,539,,818,,,,,,,,,,,,,0,0,,,,,,9,272.0,12,8,1357,171,157.0,12,2,7,11,31,0,,28,,,,0,144,6.0,14.0
2014-09-19,mzerekore,28,0.71,,,,,,,,0,,,,,,98,,1,162,,99,,,,,,,,,,,,,,,,,,,,1,17.0,11,0,262,20,9.0,11,0,1,0,0,0,,0,,,,,10,0.0,0.0
2014-09-19,pita,8,0.38,,,,,,,,0,,,,,,25,,0,115,,25,,,,,,,,,,,,,,,,,,,,0,6.0,1,1,140,3,2.0,1,0,0,0,0,0,,0,,,,,18,0.0,0.0
2014-09-19,siguiri,6,0.5,,,,,,,,0,,,,,,0,,0,141,,0,,,,,,,,,,,,,,,,,,,,2,6.0,0,0,141,3,3.0,0,0,0,0,13,0,,0,,,,,9,0.0,0.0
2014-09-19,telimele,26,0.38,,,,,,,,0,,,,,,0,,0,259,,0,,,,,,,,,,,,,,,,,,,,2,23.0,3,0,259,10,7.0,3,0,1,0,41,0,,0,,,,,18,0.0,0.0
2014-09-19,yomou,11,0.45,,,,,,,,0,,,,,,30,,0,21,,35,,,,,,,,,,,,,,,,,,,,1,11.0,0,0,56,5,5.0,0,0,1,0,0,0,,0,,,,,4,0.0,0.0
2014-09-21,beyla,,,,,,,,,,,,,,,,,,,,,,,,,,,,,,,,,,,,,,,,,,,,,,,,,,,,,,,,,,,,,,
2014-09-21,boffa,24,0.67,,,,,,,,0,,,,,,0,,0,397,,0,,,,,,,,,,,,,,,,,,,,0,19.0,5,0,397,16,11.0,5,0,0,0,0,0,,0,,,,,20,0.0,0.0
2014-09-21,conakry,151,0.45,4,,,,,,,0,,,,,,677,,0,2172,,796,,,,,,,,,,,,,8,0,,,,,,38,133.0,8,10,2968,68,58.0,8,2,18,0,482,5,,21,,,,1053,299,0.0,2.0
2014-09-21,coyah,7,0.71,,,,,,,,0,,,,,,98,,1,17,,98,,,,,,,,,,,,,,,,,,,,1,7.0,0,0,116,5,5.0,0,0,0,0,0,0,,0,,,,,4,0.0,0.0
2014-09-21,dabola,4,1.0,,,,,,,,0,,,,,,0,,0,69,,0,,,,,,,,,,,,,,,,,,,,0,1.0,3,0,69,4,1.0,3,0,0,0,0,0,,0,,,,,3,0.0,0.0
2014-09-21,dalaba,2,0.0,,,,,,,,0,,,,,,20,,0,0,,34,,,,,,,,,,,,,,,,,,,,0,2.0,0,0,34,0,0.0,0,0,0,0,0,0,,0,,,,,1,0.0,0.0
2014-09-21,dinguiraye,1,1.0,,,,,,,,0,,,,,,0,,0,0,,0,,,,,,,,,,,,,,,,,,,,0,0.0,1,0,0,1,0.0,1,0,0,0,0,0,,0,,,,,0,0.0,0.0
2014-09-21,dubreka,21,0.33,,,,,,,,0,,,,,,49,,0,292,,49,,,,,,,,,,,,,,,,,,,,3,21.0,0,0,341,7,7.0,0,0,1,0,0,0,,0,,,,,19,0.0,0.0
2014-09-21,forecariah,10,0.7,,,,,,,,0,,,,,,74,,0,61,,84,,,,,,,,,,,,,,,,,,,,0,9.0,0,1,145,7,7.0,0,0,0,0,0,0,,0,,,,,12,0.0,0.0
2014-09-21,gueckedou,354,0.83,8,,,,1,14,,0,,,,,,194,,0,3564,,200,,,,,,,,,,,,,20,0,,,,,,9,237.0,111,6,3764,295,183.0,111,1,6,1,869,4,,48,,,,1543,259,0.0,1.0
2014-09-21,kerouane,22,0.23,,,,,,,,0,,,,,,144,,0,71,,144,,,,,,,,,,,,,,,,,,,,0,22.0,0,0,215,5,5.0,0,0,0,0,0,0,,0,,,,,9,1.0,0.0
2014-09-21,kindia,1.0,0.0,,1.0,,,,,,0.0,,,,,,0.0,,0.0,0.0,,0.0,,,,,,,,,,,,,,,,,,,,0.0,1.0,0.0,0.0,0.0,0.0,,0.0,0.0,0.0,0.0,0.0,0.0,,0.0,,,,,,,1.0
2014-09-21,kissidougou,8,0.88,,,,,,,,0,,,,,,0,,0,159,,0,,,,,,,,,,,,,,,,,,,,0,3.0,5,0,159,7,2.0,5,0,0,0,0,0,,0,,,,,7,0.0,0.0
2014-09-21,kouroussa,4,1.0,,,,,,,,0,,,,,,0,,0,94,,0,,,,,,,,,,,,,,,,,,,,0,2.0,2,0,94,4,2.0,2,0,0,0,0,0,,0,,,,,2,0.0,0.0
2014-09-21,lola,,,,,,,,,,,,,,,,,,,,,,,,,,,,,,,,,,,,,,,,,,,,,,,,,,,,,,,,,,,,,,
2014-09-21,macenta,318,0.54,,14,,,,,,0,,,,,,855,,0,539,,831,,,,,,,,,,,,,0,0,,,,,,9,296.0,12,10,1370,172,158.0,12,2,7,14,0,0,,0,,,,0,144,1.0,24.0
2014-09-21,mzerekore,30,0.67,,2,1,2,,,,0,,,,,,83,,1,84,,84,,,,,,,,,,,,,,,,,,,,2,19.0,11,0,264,20,9.0,11,0,1,2,0,0,,0,,,,,10,0.0,2.0
2014-09-21,pita,8,0.38,,,,,,,,0,,,,,,25,,0,115,,25,,,,,,,,,,,,,,,,,,,,0,6.0,1,1,140,3,2.0,1,0,0,0,0,0,,0,,,,,18,0.0,0.0
2014-09-21,siguiri,6,0.5,,,,,,,,0,,,,,,0,,0,141,,0,,,,,,,,,,,,,,,,,,,,2,6.0,0,0,141,3,3.0,0,0,0,0,13,0,,0,,,,,9,0.0,0.0
2014-09-21,telimele,26,0.38,,,,,,,,0,,,,,,0,,0,259,,0,,,,,,,,,,,,,,,,,,,,2,23.0,3,0,259,10,7.0,3,0,1,0,41,0,,0,,,,,18,0.0,0.0
2014-09-21,yomou,11,0.45,,,,,,,,0,,,,,,30,,2,21,,35,,,,,,,,,,,,,,,,,,,,1,11.0,0,0,56,5,5.0,0,0,1,0,0,0,,0,,,,,4,0.0,0.0
2014-09-22,beyla,,,,,,,,,,,,,,,,,,,,,,,,,,,,,,,,,,,,,,,,,,,,,,,,,,,,,,,,,,,,,,
2014-09-22,boffa,24,0.67,,,,,,,,0,,,,,,0,,0,397,,0,,,,,,,,,,,,,,,,,,,,0,19.0,5,0,397,16,11.0,5,0,0,0,0,0,,0,,,,,20,0.0,0.0
2014-09-22,conakry,154,0.44,5,3,,,3,26,,0,,,,,,756,,0,2193,,801,,,,,,,,,,,,,13,0,,,,,,38,136.0,8,10,2994,68,58.0,8,2,18,6,482,5,,20,,,,1066,299,0.0,3.0
2014-09-22,coyah,9,0.56,,2,,,,,,0,,,,,,98,,1,17,,98,,,,,,,,,,,,,,,,,,,,1,9.0,0,0,116,5,5.0,0,0,0,2,0,0,,0,,,,,4,0.0,2.0
2014-09-22,dabola,4,1.0,,,,,,,,0,,,,,,0,,0,69,,0,,,,,,,,,,,,,,,,,,,,0,1.0,3,0,69,4,1.0,3,0,0,0,0,0,,0,,,,,3,0.0,0.0
2014-09-22,dalaba,2,0.0,,,,,,,,0,,,,,,20,,0,0,,34,,,,,,,,,,,,,,,,,,,,0,2.0,0,0,34,0,0.0,0,0,0,0,0,0,,0,,,,,1,0.0,0.0
2014-09-22,dinguiraye,1,1.0,,,,,,,,0,,,,,,0,,0,0,,0,,,,,,,,,,,,,,,,,,,,0,0.0,1,0,0,1,0.0,1,0,0,0,0,0,,0,,,,,0,0.0,0.0
2014-09-22,dubreka,21,0.33,,,,,,,,0,,,,,,49,,0,292,,49,,,,,,,,,,,,,,,,,,,,3,21.0,0,0,341,7,7.0,0,0,1,0,0,0,,0,,,,,19,0.0,0.0
2014-09-22,forecariah,10,0.7,,,,,,,,0,,,,,,74,,0,61,,84,,,,,,,,,,,,,,,,,,,,0,9.0,0,1,145,7,7.0,0,0,0,0,0,0,,0,,,,,12,0.0,0.0
2014-09-22,gueckedou,356,0.83,9,2,,,2,3,,0,,,,,,173,,0,3588,,179,,,,,,,,,,,,,20,0,,,,,,9,239.0,111,6,3767,295,183.0,111,1,6,4,869,4,,50,,,,1543,259,0.0,2.0
2014-09-22,kerouane,22,0.23,,,,,,,,0,,,,,,144,,0,71,,144,,,,,,,,,,,,,,,,,,,,0,22.0,0,0,215,5,5.0,0,0,0,0,0,0,,0,,,,,9,0.0,0.0
2014-09-22,kindia,1.0,0.0,,,,,,,,0.0,,,,,,,,,,,,,,,,,,,,,,,,,,,,,,,0.0,1.0,0.0,0.0,0.0,0.0,0.0,0.0,0.0,0.0,0.0,0.0,,,0.0,,,,,0.0,0.0,0.0
2014-09-22,kissidougou,8,0.88,,,,,,,,0,,,,,,0,,0,159,,0,,,,,,,,,,,,,,,,,,,,0,3.0,5,0,159,7,2.0,5,0,0,0,0,0,,0,,,,,7,0.0,0.0
2014-09-22,kouroussa,4,1.0,,,,,,,,0,,,,,,0,,0,94,,0,,,,,,,,,,,,,,,,,,,,0,2.0,2,0,94,4,2.0,2,0,0,0,0,0,,0,,,,,2,0.0,0.0
2014-09-22,lola,,,,,,,,,,,,,,,,,,,,,,,,,,,,,,,,,,,,,,,,,,,,,,,,,,,,,,,,,,,,,,
2014-09-22,macenta,325,0.54,,7,,,,,3,0,,,,,,855,,0,539,,831,,,,,,,,,,,,,,,,,,,,9,303.0,12,10,1370,175,161.0,12,2,7,7,13,0,,13,,,,,144,3.0,7.0
2014-09-22,mzerekore,30,0.67,,,,,,,,0,,,,,,83,,1,84,,84,,,,,,,,,,,,,,,,,,,,2,19.0,11,0,264,20,9.0,11,0,1,0,0,0,,0,,,,,10,0.0,0.0
2014-09-22,pita,8,0.38,,,,,,,,0,,,,,,25,,0,115,,25,,,,,,,,,,,,,,,,,,,,0,6.0,1,1,140,3,2.0,1,0,0,0,0,0,,0,,,,,18,0.0,0.0
2014-09-22,siguiri,6,0.5,,,,,,,,0,,,,,,0,,0,141,,0,,,,,,,,,,,,,,,,,,,,2,6.0,0,0,141,3,3.0,0,0,0,0,0,0,,0,,,,,9,0.0,0.0
2014-09-22,telimele,26,0.38,,,,,,,,0,,,,,,0,,0,259,,0,,,,,,,,,,,,,,,,,,,,2,23.0,3,0,259,10,7.0,3,0,1,0,0,0,,0,,,,,18,0.0,0.0
2014-09-22,yomou,11,0.45,,,,,,,,0,,,,,,30,,2,21,,35,,,,,,,,,,,,,,,,,,,,1,11.0,0,0,56,5,5.0,0,0,1,0,0,0,,0,,,,,4,0.0,0.0
2014-09-23,beyla,0.0,,,,,,,,,,,,,,,,,,,,,,,,,,,,,,,,,,,,,,,,,,,,,,,,,,,,,,,,,,,,,
2014-09-23,boffa,24,0.67,,,,,,,,0,,,,,,0,,0,397,,0,,,,,,,,,,,,,,,,,,,,0,19.0,5,0,397,16,11.0,5,0,0,0,0,0,,0,,,,,20,0.0,0.0
2014-09-23,conakry,161,0.44,8,3,,,2,26,,0,,,,,,756,,0,2193,,801,,,,,,,,,,,,,13,0,,,,,,38,139.0,8,14,2994,71,61.0,8,2,18,5,497,1,,29,,,,1079,299,3.0,3.0
2014-09-23,coyah,9,0.56,,,,,,,,0,,,,,,98,,1,17,,98,,,,,,,,,,,,,,,,,,,,1,9.0,0,0,116,5,5.0,0,0,0,0,0,0,,0,,,,,4,0.0,0.0
2014-09-23,dabola,4,1.0,,,,,,,,0,,,,,,0,,0,69,,0,,,,,,,,,,,,,,,,,,,,0,1.0,3,0,69,4,1.0,3,0,0,0,0,0,,0,,,,,3,0.0,0.0
2014-09-23,dalaba,2,0.0,,,,,,,,0,,,,,,20,,0,0,,34,,,,,,,,,,,,,,,,,,,,0,2.0,0,0,34,0,0.0,0,0,0,0,0,0,,0,,,,,1,0.0,0.0
2014-09-23,dinguiraye,1,1.0,,,,,,,,0,,,,,,0,,0,0,,0,,,,,,,,,,,,,,,,,,,,0,0.0,1,0,0,1,0.0,1,0,0,0,0,0,,0,,,,,0,0.0,0.0
2014-09-23,dubreka,21,0.33,,,,,,,,0,,,,,,49,,0,292,,49,,,,,,,,,,,,,,,,,,,,3,21.0,0,0,341,7,7.0,0,0,1,0,0,0,,0,,,,,19,0.0,0.0
2014-09-23,forecariah,12,0.58,,2,,,,,,0,,,,,,74,,0,61,,84,,,,,,,,,,,,,,,,,,,,0,11.0,0,1,145,7,7.0,0,0,0,2,0,0,,0,,,,,12,0.0,2.0
2014-09-23,gueckedou,358,0.82,9,2,,,1,30,,0,,,,,,195,,0,3595,,202,,,,,,,,,,,,,23,0,,,,,,9,241.0,111,6,3797,295,183.0,111,1,6,3,895,9,,51,,,,1586,259,0.0,2.0
2014-09-23,kerouane,22,0.23,,,,,,,,0,,,,,,144,,0,71,,144,,,,,,,,,,,,,,,,,,,,0,22.0,0,0,215,5,5.0,0,0,0,0,0,0,,0,,,,,9,0.0,0.0
2014-09-23,kindia,1,0.0,,,,,,,,0,,,,,,0,,0,0,,0,,,,,,,,,,,,,,,,,,,,0,1.0,0,0,0,0,0.0,0,0,0,0,0,0,,0,,,,,0,0.0,0.0
2014-09-23,kissidougou,8,0.88,,,,,,,,0,,,,,,0,,0,159,,0,,,,,,,,,,,,,,,,,,,,0,3.0,5,0,159,7,2.0,5,0,0,0,0,0,,0,,,,,7,0.0,0.0
2014-09-23,kouroussa,4,1.0,,,,,,,,0,,,,,,0,,0,94,,0,,,,,,,,,,,,,,,,,,,,0,2.0,2,0,94,4,2.0,2,0,0,0,0,0,,0,,,,,2,0.0,0.0
2014-09-23,lola,,,,,,,,,,,,,,,,,,,,,,,,,,,,,,,,,,,,,,,,,,,,,,,,,,,,,,,,,,,,,,
2014-09-23,macenta,338,0.53,,17,,,,,3,0,,,,,,555,,0,539,,831,,,,,,,,,,,,,0,0,,,,,,9,317.0,12,9,1370,180,166.0,12,2,7,17,19,0,,19,,,,0,144,5.0,14.0
2014-09-23,mzerekore,32,0.63,,1,,,1,8,,0,,,,,,83,,1,84,,84,,,,,,,,,,,,,,,,,,,,2,20.0,11,1,264,20,9.0,11,0,1,2,0,0,,0,,,,,10,0.0,1.0
2014-09-23,pita,8,0.38,,,,,,,,0,,,,,,0,,0,140,,0,,,,,,,,,,,,,,,,,,,,0,6.0,1,1,140,3,2.0,1,0,0,0,0,0,,0,,,,,18,0.0,0.0
2014-09-23,siguiri,6,0.5,,,,,,,,0,,,,,,0,,0,141,,0,,,,,,,,,,,,,,,,,,,,2,6.0,0,0,141,3,3.0,0,0,0,0,13,0,,0,,,,,9,0.0,0.0
2014-09-23,telimele,26,0.38,,,,,,,,0,,,,,,0,,0,259,,0,,,,,,,,,,,,,,,,,,,,2,23.0,3,0,259,10,7.0,3,0,1,0,41,0,,0,,,,,18,0.0,0.0
2014-09-23,yomou,11,0.45,,,,,,,,0,,,,,,30,,2,21,,35,,,,,,,,,,,,,,,,,,,,1,11.0,0,0,56,5,5.0,0,0,1,0,0,0,,0,,,,,4,0.0,0.0
2014-09-24,beyla,,,,,,,,,,,,,,,,,,,,,,,,,,,,,,,,,,,,,,,,,,,,,,,,,,,,,,,,,,,,,,
2014-09-24,boffa,24,0.67,,,,,,,,0,,,,,,0,,0,397,,0,,,,,,,,,,,,,,,,,,,,0,19.0,5,0,397,16,11.0,5,0,0,0,0,0,,0,,,,,20,0.0,0.0
2014-09-24,conakry,170,0.42,11,10,,,2,121,,0,,,,,,695,,0,2405,,720,,,,,,,,,,,,,24,0,,,,,,38,149.0,8,13,3234,72,62.0,8,2,18,12,510,10,,32,,,,1103,299,1.0,10.0
2014-09-24,coyah,9,0.56,,,,,,,,0,,,,,,98,,1,17,,98,,,,,,,,,,,,,,,,,,,,1,9.0,0,0,116,5,5.0,0,0,0,0,0,0,,0,,,,,4,0.0,0.0
2014-09-24,dabola,4,1.0,,,,,,,,0,,,,,,0,,0,69,,0,,,,,,,,,,,,,,,,,,,,0,1.0,3,0,69,4,1.0,3,0,0,0,0,0,,0,,,,,3,0.0,0.0
2014-09-24,dalaba,3,0.0,,1,,,,,,0,,,,,,20,,0,0,,34,,,,,,,,,,,,,,,,,,,,0,3.0,0,0,34,0,0.0,0,0,0,0,0,0,,0,,,,,1,0.0,1.0
2014-09-24,dinguiraye,1,1.0,,,,,,,,0,,,,,,0,,0,0,,0,,,,,,,,,,,,,,,,,,,,0,0.0,1,0,0,1,0.0,1,0,0,0,0,0,,0,,,,,0,0.0,0.0
2014-09-24,dubreka,21,0.33,,,,,,,,0,,,,,,49,,0,292,,49,,,,,,,,,,,,,,,,,,,,3,21.0,0,0,341,7,7.0,0,0,1,0,0,0,,0,,,,,19,0.0,0.0
2014-09-24,forecariah,13,0.54,,,,,,,,0,,,,,,74,,0,61,,84,,,,,,,,,,,,,,,,,,,,0,11.0,0,2,145,7,7.0,0,0,0,0,0,0,,0,,,,,12,0.0,0.0
2014-09-24,gueckedou,362,0.82,19,2,,,4,4,,0,,,,,,204,,0,3595,,206,,,,,,,,,,,,,21,0,,,,,,9,243.0,111,8,3801,296,184.0,111,1,6,6,914,9,,61,,,,1607,259,1.0,2.0
2014-09-24,kerouane,22,0.23,,,,,,,,0,,,,,,144,,0,71,,144,,,,,,,,,,,,,,,,,,,,0,22.0,0,0,215,5,5.0,0,0,0,0,0,0,,0,,,,,9,0.0,0.0
2014-09-24,kindia,1.0,0.0,,,,,,,,0.0,,,,,,0.0,,0.0,0.0,,0.0,,,,,,,,,,,,,,,,,,,,0.0,1.0,0.0,0.0,0.0,0.0,0.0,0.0,0.0,0.0,0.0,0.0,0.0,,0.0,,,,,0.0,0.0,0.0
2014-09-24,kissidougou,8,0.88,,,,,,,,0,,,,,,0,,0,159,,0,,,,,,,,,,,,,,,,,,,,0,3.0,5,0,159,7,2.0,5,0,0,0,0,0,,0,,,,,7,0.0,0.0
2014-09-24,kouroussa,4,1.0,,,,,,,,0,,,,,,0,,0,94,,0,,,,,,,,,,,,,,,,,,,,0,2.0,2,0,94,4,2.0,2,0,0,0,0,0,,0,,,,,2,0.0,0.0
2014-09-24,lola,,,,,,,,,,,,,,,,,,,,,,,,,,,,,,,,,,,,,,,,,,,,,,,,,,,,,,,,,,,,,,
2014-09-24,macenta,348,0.52,,6,,,2,122,2,0,,,,,,555,,0,539,,831,,,,,,,,,,,,,0,0,,,,,,9,325.0,12,11,1370,182,168.0,12,2,7,8,0,0,,0,,,,0,144,2.0,8.0
2014-09-24,mzerekore,33,0.64,,1,,,,50,1,0,,,,,,128,,1,185,,129,,,,,,,,,,,,,,,,,,,,2,21.0,11,1,314,21,10.0,11,0,1,1,0,0,,0,,,,,10,1.0,1.0
2014-09-24,pita,8,0.38,,,,,,,,0,,,,,,0,,0,140,,0,,,,,,,,,,,,,,,,,,,,0,6.0,1,1,140,3,2.0,1,0,0,0,0,0,,0,,,,,18,0.0,0.0
2014-09-24,siguiri,6,0.5,,,,,,,,0,,,,,,0,,0,141,,0,,,,,,,,,,,,,,,,,,,,2,6.0,0,0,141,3,3.0,0,0,0,0,13,0,,0,,,,,9,0.0,0.0
2014-09-24,telimele,26,0.38,,,,,,,,0,,,,,,0,,0,259,,0,,,,,,,,,,,,,,,,,,,,2,23.0,3,0,259,10,7.0,3,0,1,0,41,0,,0,,,,,18,0.0,0.0
2014-09-24,yomou,11,0.45,,,,,,,,0,,,,,,0,,0,56,,0,,,,,,,,,,,,,,,,,,,,1,11.0,0,0,56,5,5.0,0,0,1,0,0,0,,0,,,,,4,0.0,0.0
2014-09-26,beyla,1.0,,,,,,,,,0.0,,,,,,13.0,,0.0,0.0,,13.0,,,,,,,,,,,,,,,,,,,,0.0,1.0,0.0,0.0,13.0,0.0,0.0,0.0,0.0,0.0,0.0,0.0,0.0,,0.0,,,,,0.0,0.0,1.0
2014-09-26,boffa,24,0.67,,,,,,,,0,,,,,,0,,0,397,,0,,,,,,,,,,,,,,,,,,,,0,19.0,5,0,397,16,11.0,5,0,0,0,0,0,,0,,,,,20,0.0,0.0
2014-09-26,conakry,180,0.41,1,7,,,,,,0,,,,,,695,,0,2514,,720,,,,,,,,,,,,,16,0,,,,,,38,160.0,8,12,3234,73,63.0,8,2,18,7,519,7,,41,,,,1131,299,1.0,11.0
2014-09-26,coyah,9,0.56,,,,,,,,0,,,,,,98,,1,17,,98,,,,,,,,,,,,,,,,,,,,1,9.0,0,0,116,5,5.0,0,0,0,0,0,0,,0,,,,,4,0.0,0.0
2014-09-26,dabola,4,1.0,,,,,,,,0,,,,,,0,,0,69,,0,,,,,,,,,,,,,,,,,,,,0,1.0,3,0,69,4,1.0,3,0,0,0,0,0,,0,,,,,3,0.0,0.0
2014-09-26,dalaba,5,0.0,,1,,,,,,0,,,,,,20,,0,0,,34,,,,,,,,,,,,,,,,,,,,0,5.0,0,0,34,0,0.0,0,0,0,1,0,0,,0,,,,,1,0.0,2.0
2014-09-26,dinguiraye,1,1.0,,,,,,,,0,,,,,,0,,0,0,,0,,,,,,,,,,,,,,,,,,,,0,0.0,1,0,0,1,0.0,1,0,0,0,0,0,,0,,,,,0,0.0,0.0
2014-09-26,dubreka,21,0.33,,,,,,,,0,,,,,,49,,0,292,,49,,,,,,,,,,,,,,,,,,,,3,21.0,0,0,341,7,7.0,0,0,1,0,0,0,,0,,,,,19,0.0,0.0
2014-09-26,forecariah,12,0.6,,,,2,,,,0,,,,,,74,,0,61,,84,,,,,,,,,,,,,,,,,,,,0,15.0,11,2,145,9,7.0,2,0,0,2,0,0,,0,,,,,,0.0,4.0
2014-09-26,gueckedou,362,0.82,8,,,,1,,,0,,,,,,180,,0,3629,,180,,,,,,,,,,,,,14,0,,,,,,9,244.0,111,7,3809,297,185.0,111,1,6,1,927,9,,61,,,,1629,259,1.0,1.0
2014-09-26,kerouane,23,0.22,,1,,,,,,0,,,,,,200,,0,437,,200,,,,,,,,,,,,,,,,,,,,0,23.0,0,0,637,5,5.0,0,0,0,1,0,0,,0,,,,,9,0.0,1.0
2014-09-26,kindia,1.0,0.0,,,,,,,,0.0,,,,,,0.0,,0.0,0.0,,0.0,,,,,,,,,,,,,,,,,,,,0.0,1.0,0.0,0.0,0.0,0.0,0.0,0.0,0.0,0.0,0.0,0.0,0.0,,0.0,,,,,0.0,0.0,0.0
2014-09-26,kissidougou,8,0.88,,,,,,,,0,,,,,,0,,0,159,,0,,,,,,,,,,,,,,,,,,,,0,3.0,5,0,159,7,2.0,5,0,0,0,0,0,,0,,,,,7,0.0,0.0
2014-09-26,kouroussa,4,1.0,,,,,,,,0,,,,,,0,,0,94,,0,,,,,,,,,,,,,,,,,,,,0,2.0,2,0,94,4,2.0,2,0,0,0,0,0,,0,,,,,2,0.0,0.0
2014-09-26,lola,,,,,,,,,,,,,,,,,,,,,,,,,,,,,,,,,,,,,,,,,,,,,,,,,,,,,,,,,,,,,,
2014-09-26,macenta,357,0.54,,1,,,1,31,5,0,,,,,,1131,,0,297,,1139,,,,,,,,,,,,,0,0,,,,,,9,335.0,12,10,1436,193,179.0,12,2,7,2,0,0,,0,,,,0,144,11.0,10.0
2014-09-26,mzerekore,37,0.7,,,,5,,2,,0,,,,,,138,,0,185,,139,,,,,,,,,,,,,,,,,,,,2,21.0,16,0,324,26,10.0,16,0,1,5,0,0,,0,,,,,10,0.0,0.0
2014-09-26,pita,8,0.38,,,,,,,,0,,,,,,0,,0,140,,0,,,,,,,,,,,,,,,,,,,,0,6.0,1,1,140,3,2.0,1,0,0,0,0,0,,0,,,,,18,0.0,0.0
2014-09-26,siguiri,6,0.5,,,,,,,,0,,,,,,0,,0,141,,0,,,,,,,,,,,,,,,,,,,,2,6.0,0,0,141,3,3.0,0,0,0,0,13,0,,0,,,,,9,0.0,0.0
2014-09-26,telimele,26,0.38,,,,,,,,0,,,,,,0,,0,259,,0,,,,,,,,,,,,,,,,,,,,2,23.0,3,0,259,10,7.0,3,0,1,0,41,0,,0,,,,,18,0.0,0.0
2014-09-26,yomou,11,0.45,,,,,,,,0,,,,,,0,,0,56,,0,,,,,,,,,,,,,,,,,,,,1,11.0,0,0,56,5,5.0,0,0,1,0,0,0,,0,,,,,4,0.0,0.0
2014-09-30,beyla,2.0,,,,,,,14.0,,0.0,,,,,,29.0,,0.0,0.0,,29.0,,,,,,,,,,,,,,,,,,,,0.0,2.0,0.0,0.0,29.0,0.0,1.0,0.0,,0.0,0.0,0.0,0.0,,0.0,,,,,0.0,1.0,1.0
2014-09-30,boffa,24,0.67,,,,,,,,0,,,,,,0,,0,397,,0,,,,,,,,,,,,,,,,,,,,0,19.0,5,0,397,16,11.0,5,,0,0,0,0,,0,,,,,20,0.0,0.0
2014-09-30,conakry,185,0.41,2,,,,,,1,0,,,,,,752,,0,2500,,773,,,,,,,,,,,,,5,0,,,,,,38,166.0,10,9,3273,76,66.0,10,,18,0,553,5,,37,,,,1155,347,3.0,6.0
2014-09-30,coyah,12,0.42,,1,,,,,,0,,,,,,98,,1,17,,98,,,,,,,,,,,,,,,,,,,,1,12.0,0,0,116,5,5.0,0,,0,1,0,0,,0,,,,,6,0.0,3.0
2014-09-30,dabola,4,1.0,,,,,,,,0,,,,,,0,,0,69,,0,,,,,,,,,,,,,,,,,,,,0,1.0,3,0,69,4,1.0,3,,0,0,0,0,,0,,,,,3,0.0,0.0
2014-09-30,dalaba,6,0.0,,,,,,,,0,,,,,,20,,0,0,,34,,,,,,,,,,,,,,,,,,,,0,6.0,0,0,34,0,0.0,0,,0,0,0,0,,0,,,,,1,0.0,1.0
2014-09-30,dinguiraye,1,1.0,,,,,,,,0,,,,,,0,,0,0,,0,,,,,,,,,,,,,,,,,,,,0,0.0,1,0,0,1,0.0,1,,0,0,0,0,,0,,,,,0,0.0,0.0
2014-09-30,dubreka,21,0.33,,,,,,,,0,,,,,,49,,0,292,,49,,,,,,,,,,,,,,,,,,,,3,21.0,0,0,341,7,7.0,0,,1,0,0,0,,0,,,,,20,0.0,0.0
2014-09-30,forecariah,16,0.56,,,,,,6,,0,,,,,,146,,0,61,,151,,,,,,,,,,,,,,,,,,,,0,11.0,2,3,212,9,7.0,2,,0,0,0,0,,0,,,,,13,0.0,0.0
2014-09-30,gueckedou,361,0.83,6,1,,,1,,1,0,,,,,,140,,0,3629,,140,,,,,,,,,,,,,14,0,,,,,,9,245.0,112,4,3809,300,188.0,112,,6,2,914,8,,48,,,,1652,266,3.0,1.0
2014-09-30,kerouane,23,0.22,,,,,,,,0,,,,,,194,,0,480,,194,,,,,,,,,,,,,,,,,,,,0,23.0,0,0,674,5,5.0,0,,0,0,0,0,,0,,,,,9,0.0,0.0
2014-09-30,kindia,1.0,0.0,,,,,,,,0.0,,,,,,0.0,,0.0,0.0,,0.0,,,,,,,,,,,,,,,,,,,,0.0,1.0,0.0,0.0,0.0,0.0,0.0,0.0,,0.0,0.0,0.0,0.0,,0.0,,,,,4.0,0.0,0.0
2014-09-30,kissidougou,8,0.88,,,,,,,,0,,,,,,0,,0,159,,0,,,,,,,,,,,,,,,,,,,,0,3.0,5,0,159,7,2.0,5,,0,0,0,0,,0,,,,,7,0.0,0.0
2014-09-30,kouroussa,4,1.0,,,,,,,,0,,,,,,0,,0,94,,0,,,,,,,,,,,,,,,,,,,,0,2.0,2,0,94,4,2.0,2,,0,0,0,0,,0,,,,,2,0.0,0.0
2014-09-30,lola,,,,,,,,,,,,,,,,,,,,,,,,,,,,,,,,,,,,,,,,,,,,,,,,,,,,,,,,,,,,,,
2014-09-30,macenta,400,0.57,,7,,,,,1,0,,,,,,1030,,0,525,,1038,,,,,,,,,,,,,0,0,,,,,,9,377.0,16,7,1563,229,213.0,16,,7,7,27,0,,27,,,,0,193,34.0,42.0
2014-09-30,mzerekore,50,0.58,,2,,,3,,1,0,,,,,,149,,0,202,,151,,,,,,,,,,,,,,,,,,,,2,26.0,15,9,353,29,14.0,15,,1,5,0,0,,0,,,,,11,4.0,5.0
2014-09-30,pita,8,0.38,,,,,,,,0,,,,,,0,,0,140,,0,,,,,,,,,,,,,,,,,,,,0,6.0,1,1,140,3,2.0,1,,0,0,0,0,,0,,,,,18,0.0,0.0
2014-09-30,siguiri,6,0.5,,,,,,,,0,,,,,,0,,0,141,,0,,,,,,,,,,,,,,,,,,,,2,6.0,0,0,141,3,3.0,0,,0,0,13,0,,0,,,,,9,0.0,0.0
2014-09-30,telimele,26,0.38,,,,,,,,0,,,,,,0,,0,259,,0,,,,,,,,,,,,,,,,,,,,2,23.0,3,0,259,10,7.0,3,,1,0,41,0,,0,,,,,18,0.0,0.0
2014-09-30,yomou,11,0.45,,,,,,,,0,,,,,,0,,0,56,,0,,,,,,,,,,,,,,,,,,,,1,11.0,0,0,56,5,5.0,0,,1,0,0,0,,0,,,,,4,0.0,0.0
2014-10-01,beyla,2,1.0,,,,,,,,0,,,,,,29,,0,0,,929,,,,,,,,,,,,,,,,,,,,0,2.0,0,0,2,0,1.0,0,0,0,0,0,0,,0,,,,,0,0.0,0.0
2014-10-01,boffa,24,0.67,,,,,,,,0,,,,,,0,,0,397,,0,,,,,,,,,,,,,,,,,,,,0,19.0,5,0,397,16,11.0,5,0,0,0,0,0,,0,,,,,20,0.0,0.0
2014-10-01,conakry,199,0.39,15,2,2,,15,,,0,,,,,,778,,0,2494,,825,,,,,,,,,,,,,16,0,,,,,,40,170.0,10,19,3319,78,68.0,10,0,18,17,571,9,,48,,,,1171,355,2.0,4.0
2014-10-01,coyah,12,0.42,,,,,,,,0,,,,,,98,,1,17,,98,,,,,,,,,,,,,,,,,,,,1,12.0,0,0,116,5,5.0,0,0,0,0,0,0,,0,,,,,6,0.0,0.0
2014-10-01,dabola,4,1.0,,,,,,,,0,,,,,,0,,0,69,,0,,,,,,,,,,,,,,,,,,,,0,1.0,3,0,69,4,1.0,3,0,0,0,0,0,,0,,,,,3,0.0,0.0
2014-10-01,dalaba,6,0.0,,,,,,,,0,,,,,,20,,0,0,,34,,,,,,,,,,,,,,,,,,,,0,6.0,0,0,34,0,0.0,0,0,0,0,0,0,,0,,,,,1,0.0,0.0
2014-10-01,dinguiraye,1,1.0,,,,,,,,0,,,,,,0,,0,0,,0,,,,,,,,,,,,,,,,,,,,0,0.0,1,0,0,1,0.0,1,0,0,0,0,0,,0,,,,,0,0.0,0.0
2014-10-01,dubreka,21,0.33,,,,,,,,0,,,,,,49,,0,292,,49,,,,,,,,,,,,,,,,,,,,3,21.0,0,0,341,7,7.0,0,0,1,0,0,0,,0,,,,,20,0.0,0.0
2014-10-01,forecariah,16,0.56,,,,,,,,0,,,,,,146,,0,61,,151,,,,,,,,,,,,,,,,,,,,0,11.0,2,3,212,9,7.0,2,0,0,0,0,0,,0,,,,,13,0.0,0.0
2014-10-01,gueckedou,362,0.83,10,1,,,,,,0,,,,,,117,,0,3699,,117,,,,,,,,,,,,,9,0,,,,,,9,248.0,112,2,3816,301,189.0,112,0,6,1,924,5,,54,,,,1661,268,1.0,3.0
2014-10-01,kerouane,24,0.21,,1,,,,,,0,,,,,,194,,0,480,,194,,,,,,,,,,,,,,,,,,,,0,24.0,0,0,674,5,5.0,0,0,0,1,0,0,,0,,,,,9,0.0,1.0
2014-10-01,kindia,1,0.0,,,,,,,,0,,,,,,0,,0,0,,0,,,,,,,,,,,,,,,,,,,,0,1.0,0,0,0,0,0.0,0,0,0,0,0,0,,0,,,,,4,0.0,0.0
2014-10-01,kissidougou,8,0.88,,,,,,,,0,,,,,,0,,0,159,,0,,,,,,,,,,,,,,,,,,,,0,3.0,5,0,159,7,2.0,5,0,0,0,0,0,,0,,,,,7,0.0,0.0
2014-10-01,kouroussa,4,1.0,,,,,,,,0,,,,,,0,,0,94,,0,,,,,,,,,,,,,,,,,,,,0,2.0,2,0,94,4,2.0,2,0,0,0,0,0,,0,,,,,2,0.0,0.0
2014-10-01,lola,11,1.0,,,,,9,,,0,,,,,,0,,0,0,,0,,,,,,,,,,,,,,,,,,,,0,2.0,0,9,0,0,2.0,0,0,0,9,,,,,,,,,4,2.0,2.0
2014-10-01,macenta,403,0.61,,2,,,3,,15,0,,,,,,1038,,0,525,,1038,,,,,,,,,,,,,0,0,,,,,,9,378.0,16,9,1563,246,230.0,16,0,7,5,27,15,,12,,,,0,197,17.0,1.0
2014-10-01,nzerekore,50,0.64,,,,,1,,,0,,,,,,126,,0,227,,126,,,,,,,,,,,,,,,,,,,,2,31.0,17,2,353,32,15.0,17,0,1,1,0,0,,0,,,,,16,6.0,14.0
2014-10-01,pita,8,0.38,,,,,,,,0,,,,,,0,,0,140,,0,,,,,,,,,,,,,,,,,,,,0,6.0,1,1,140,3,2.0,1,0,0,0,0,0,,0,,,,,18,0.0,0.0
2014-10-01,siguiri,6,0.5,,,,,,,,0,,,,,,0,,0,141,,0,,,,,,,,,,,,,,,,,,,,2,6.0,0,0,141,3,3.0,0,0,0,0,13,0,,0,,,,,9,0.0,0.0
2014-10-01,telimele,26,0.38,,,,,,,,0,,,,,,0,,0,259,,0,,,,,,,,,,,,,,,,,,,,2,23.0,3,0,259,10,7.0,3,0,1,0,41,0,,0,,,,,18,0.0,0.0
2014-10-01,yomou,11,0.45,,,,,,,,0,,,,,,0,,0,56,,0,,,,,,,,,,,,,,,,,,,,1,11.0,0,0,56,5,5.0,0,0,1,0,0,0,,0,,,,,4,0.0,0.0
